t_ms,co,no2,temp,rh
0,nan,nan,30.6237,80.0961
5000,nan,nan,30.581,80.1495
10000,nan,nan,30.5249,80.2151
15000,nan,nan,30.5516,80.293
20000,nan,nan,30.6798,80.4395
25000,nan,nan,30.7492,80.2426
30000,0,nan,30.7359,80.0122
35000,0,nan,30.7198,79.9573
40000,0,0.174297,30.6798,79.9451
45000,0,0.216313,30.6798,80.0183
50000,0,0.216313,30.6371,80.0809
55000,0,0.350906,30.6237,80.1678
60000,0,0.350906,30.5943,80.2136
65000,0,0.350906,30.6077,80.2686
71000,0,0.398864,30.6237,80.3433
76000,0,0.350906,30.581,80.2701
81000,0,0.350906,30.5676,80.3296
86000,0,0.216313,30.5676,80.351
91000,0,0.448505,30.5516,80.3662
96000,0,0.216313,30.5943,80.3891
101000,0,0.350906,30.6237,80.3647
106000,0,0.398864,30.6371,80.3281
111000,0,0.350906,30.6638,80.2823
116000,0,0.398864,30.6371,80.2243
214000,6.74754,0,31.2699,78.1048
219000,22.6551,0,31.1444,78.2605
224000,9.84493,0,31.059,78.5168
229000,8.49805,0,31.0163,78.764
234000,5.744,0,30.9174,78.9364
240000,0,0,30.9308,79.1058
245000,6.74754,0.0187757,30.9735,79.2294
250000,6.74754,0.133594,31.0163,79.147
255000,6.74754,0,31.043,79.089
260000,6.74754,0.216313,31.1017,78.9822
265000,6.74754,0.133594,31.1311,78.9181
270000,7.88001,0.133594,31.1578,78.7808
275000,7.88001,0.133594,31.1444,78.703
280000,6.74754,0.133594,31.1578,78.6358
285000,7.88001,0.0187757,31.1711,78.5657
290000,9.15254,0,31.2005,78.5428
295000,10.5768,0.0187757,31.1872,78.4665
300000,5.744,0,31.2432,78.5122
1645000,394.423,0,30.4929,81.0712
1650000,245.623,0,30.4795,80.9781
1655000,156.394,0,30.4795,80.8225
1660000,120.079,0,30.5383,80.8469
1665000,78.1714,0,30.5516,80.737
1670000,73.515,0,30.5943,80.6256
1675000,54.977,0,30.6371,80.5341
1681000,44.4621,0,30.6504,80.3922
1686000,43.2097,0.0187757,30.6931,80.2884
1691000,37.2819,0.0187757,30.7198,80.1923
1696000,37.2819,0.133594,30.7065,80.119
1701000,35.0636,0.0941435,30.7198,80.0595
1706000,29.8871,0,30.6931,79.8886
1711000,22.6551,0,30.5383,79.8611
1716000,18.0425,10,30.4368,80.0504
1721000,15.8842,0.499919,30.2979,80.293
1726000,10.5768,0.216313,30.3967,80.5753
1731000,9.84493,10,30.5943,80.6256
1736000,15.8842,0,30.7198,80.4395
1741000,18.0425,0,30.7919,80.1694
5658000,5000,0,nan,nan
5664000,5000,0,nan,nan
5670000,1830.35,0,nan,nan
5676000,864.409,0,nan,nan
5682000,682.493,0,nan,nan
5688000,577.3,0,nan,nan
5694000,412.36,0,nan,nan
5700000,313.407,0,nan,nan
5706000,258.198,0,nan,nan
5712000,199.87,0,nan,nan
5718000,170.004,0,nan,nan
5724000,137.052,0,nan,nan
5730000,123.346,0,nan,nan
5736000,113.733,0,nan,nan
5742000,90.7298,0.0187757,nan,nan
5749000,80.5768,0.0187757,nan,nan
5755000,83.0347,0.174297,nan,nan
5761000,71.2627,0.259706,nan,nan
5767000,62.7438,0.174297,nan,nan
5773000,56.8505,0.174297,nan,nan
5779000,54.977,0.448505,nan,nan
5785000,49.7011,0.350906,nan,nan
5791000,45.7374,0.448505,nan,nan
5797000,44.4621,0.448505,nan,nan
5803000,43.2097,0.448505,nan,nan
5809000,41.9797,0.448505,nan,nan
5815000,38.4234,0.448505,nan,nan
5821000,36.162,0.448505,nan,nan
5827000,36.162,0.448505,nan,nan
5834000,35.0636,0.448505,nan,nan
5840000,33.9864,0.545428,nan,nan
5846000,35.0636,0.545428,nan,nan
5852000,33.9864,0.499919,nan,nan
5858000,30.8809,0.595998,nan,nan
5864000,33.9864,0.398864,nan,nan
5870000,30.8809,0.545428,nan,nan
5876000,29.8871,0.545428,nan,nan
5882000,27.0272,0.545428,nan,nan
5888000,27.0272,0.652319,nan,nan
5894000,27.0272,0.652319,nan,nan
5900000,27.0272,0.595998,nan,nan
5906000,28.9137,0.595998,nan,nan
5912000,26.1139,0.652319,nan,nan
5918000,27.0272,0.652319,nan,nan
5925000,27.0272,0.652319,nan,nan
5931000,24.3459,0.652319,nan,nan
5937000,22.6551,0.652319,nan,nan
5943000,23.4909,0.652319,nan,nan
5949000,23.4909,0.652319,nan,nan
5955000,22.6551,0.652319,nan,nan
5961000,24.3459,0.652319,nan,nan
5967000,22.6551,0.715172,nan,nan
5973000,19.2026,0.715172,nan,nan
5979000,21.8381,1.0866,nan,nan
5985000,22.6551,0.652319,nan,nan
5991000,21.0399,0.715172,nan,nan
5997000,21.0399,0.785459,nan,nan
6003000,21.8381,0.785459,nan,nan
6010000,19.2026,0.595998,nan,nan
6016000,19.2026,0.785459,nan,nan
6022000,20.2603,0.652319,nan,nan
6028000,19.2026,0.652319,nan,nan
6034000,19.2026,0.652319,nan,nan
6040000,19.2026,0.715172,nan,nan
6046000,21.0399,0.652319,nan,nan
6052000,19.2026,0.652319,nan,nan
6058000,19.2026,0.715172,nan,nan
6064000,19.2026,0.652319,nan,nan
6070000,18.0425,0.652319,nan,nan
6076000,19.2026,0.785459,nan,nan
6082000,19.2026,0.595998,nan,nan
6088000,19.2026,0.652319,nan,nan
6095000,18.0425,0.652319,nan,nan
6101000,18.0425,0.652319,nan,nan
6107000,18.0425,0.715172,nan,nan
6113000,15.8842,0.652319,nan,nan
6119000,14.8823,0.785459,nan,nan
6125000,18.0425,0.715172,nan,nan
6131000,14.8823,0.545428,nan,nan
6137000,14.8823,0.715172,nan,nan
6143000,18.0425,0.545428,nan,nan
6149000,18.0425,0.652319,nan,nan
6155000,19.2026,1.89703,nan,nan
6161000,15.8842,0.652319,nan,nan
6167000,19.2026,0.715172,nan,nan
6173000,18.0425,0.652319,nan,nan
6179000,14.8823,0.652319,nan,nan
6186000,18.0425,0.715172,nan,nan
6192000,15.8842,0.785459,nan,nan
6198000,14.8823,0.864232,nan,nan
6204000,18.0425,0.785459,nan,nan
6210000,14.8823,0.715172,nan,nan
6216000,14.8823,0.785459,nan,nan
6222000,14.8823,0.715172,nan,nan
6228000,13.9296,0.652319,nan,nan
6234000,14.8823,0.652319,nan,nan
6240000,13.9296,0.785459,nan,nan
6246000,15.8842,0.652319,nan,nan
6246000,15.8842,0.652319,nan,nan
6252000,18.0425,0.715172,nan,nan
6258000,18.0425,0.715172,nan,nan
6264000,18.0425,0.652319,nan,nan
6271000,14.8823,0.652319,nan,nan
6277000,22.6551,0.595998,nan,nan
6283000,14.8823,0.652319,nan,nan
6289000,18.0425,0.715172,nan,nan
6295000,14.8823,0.652319,nan,nan
6301000,10.5768,0.652319,nan,nan
6307000,20.2603,0.652319,nan,nan
6313000,15.8842,0.785459,nan,nan
6319000,14.8823,0.715172,nan,nan
6325000,10.5768,0.785459,nan,nan
6331000,14.8823,0.715172,nan,nan
6337000,13.0243,0.652319,nan,nan
6343000,8.49805,0.715172,nan,nan
6349000,14.8823,0.652319,nan,nan
6356000,14.8823,0.652319,nan,nan
6362000,13.0243,0.715172,nan,nan
6368000,13.0243,0.785459,nan,nan
6374000,14.8823,0.652319,nan,nan
6380000,14.8823,0.652319,nan,nan
6386000,10.5768,0.652319,nan,nan
6392000,9.84493,0.785459,nan,nan
6398000,14.8823,0.652319,nan,nan
6404000,14.8823,0.652319,nan,nan
6410000,14.8823,0.652319,nan,nan
6416000,10.5768,0.652319,nan,nan
6422000,15.8842,0.545428,nan,nan
6428000,13.9296,0.652319,nan,nan
6434000,13.9296,0.652319,nan,nan
6440000,14.8823,0.715172,nan,nan
6447000,14.8823,0.715172,nan,nan
6453000,14.8823,0.715172,nan,nan
6459000,10.5768,0.652319,nan,nan
6465000,10.5768,0.652319,nan,nan
6471000,9.84493,0.785459,nan,nan
6477000,13.0243,0.785459,nan,nan
6483000,10.5768,0.785459,nan,nan
6489000,10.5768,0.785459,nan,nan
6495000,14.8823,0.715172,nan,nan
6501000,10.5768,0.785459,nan,nan
6507000,10.5768,0.785459,nan,nan
6513000,14.8823,0.652319,nan,nan
6519000,14.8823,0.545428,nan,nan
6525000,10.5768,0.785459,nan,nan
6532000,14.8823,0.715172,nan,nan
6538000,14.8823,0.652319,nan,nan
6544000,13.9296,0.785459,nan,nan
6550000,10.5768,0.715172,nan,nan
6556000,10.5768,0.715172,nan,nan
6562000,14.8823,0.652319,nan,nan
6568000,15.8842,0.652319,nan,nan
6574000,13.9296,0.652319,nan,nan
6580000,13.9296,0.785459,nan,nan
6586000,10.5768,0.715172,nan,nan
6592000,9.15254,0.785459,nan,nan
6598000,10.5768,0.715172,nan,nan
6604000,10.5768,0.545428,nan,nan
6610000,13.0243,0.715172,nan,nan
6617000,9.84493,0.715172,nan,nan
6623000,9.84493,0.652319,nan,nan
6629000,10.5768,0.785459,nan,nan
6635000,10.5768,0.652319,nan,nan
6641000,9.15254,0.785459,nan,nan
6647000,9.15254,0.652319,nan,nan
6653000,9.15254,0.652319,nan,nan
6659000,10.5768,0.785459,nan,nan
6665000,10.5768,0.715172,nan,nan
6671000,10.5768,0.652319,nan,nan
6677000,7.29697,0.785459,nan,nan
6683000,13.0243,0.652319,nan,nan
6689000,9.84493,0.652319,nan,nan
6695000,10.5768,0.652319,nan,nan
6702000,9.15254,0.785459,nan,nan
6708000,9.15254,0.715172,nan,nan
6714000,8.49805,1.02817,nan,nan
6720000,7.29697,0.785459,nan,nan
6726000,9.15254,0.785459,nan,nan
6732000,8.49805,0.652319,nan,nan
6738000,9.84493,0.715172,nan,nan
6744000,10.5768,0.715172,nan,nan
6750000,9.15254,0.652319,nan,nan
6756000,10.5768,0.448505,nan,nan
6762000,14.8823,0.652319,nan,nan
6768000,14.8823,0.652319,nan,nan
6774000,14.8823,0.652319,nan,nan
6779000,13.0243,0.715172,nan,nan
6784000,14.8823,0.652319,nan,nan
6789000,14.8823,0.652319,nan,nan
6794000,10.5768,0.595998,nan,nan
6799000,9.84493,0.595998,nan,nan
6804000,10.5768,0.785459,nan,nan
6809000,13.9296,0.785459,nan,nan
6814000,10.5768,0.545428,nan,nan
6819000,18.0425,0.652319,nan,nan
6824000,15.8842,0.715172,nan,nan
6829000,14.8823,0.448505,nan,nan
6834000,10.5768,0.174297,nan,nan
6839000,18.0425,0.545428,nan,nan
6844000,14.8823,0.545428,nan,nan
6849000,10.5768,0.652319,nan,nan
6854000,6.23033,0.785459,nan,nan
6859000,0,0.864232,nan,nan
6864000,0,1.0866,nan,nan
6869000,0,1.0866,nan,nan
6874000,0,1.0866,nan,nan
6879000,0,1.0866,nan,nan
6884000,0,1.21797,nan,nan
6889000,0,1.0866,nan,nan
6894000,0,1.14971,nan,nan
6899000,0,1.37221,nan,nan
6904000,0,1.29193,nan,nan
6910000,0,1.0866,nan,nan
6915000,0,1.0866,nan,nan
6920000,0,0.545428,nan,nan
6925000,0,1.0866,nan,nan
6930000,0,1.02817,nan,nan
6935000,0,1.0866,nan,nan
6940000,0,1.45953,nan,nan
6945000,0,1.45953,nan,nan
6950000,0,1.37221,nan,nan
6955000,0,1.45953,nan,nan
6960000,0,1.37221,nan,nan
6965000,0,1.37221,nan,nan
6970000,0,1.37221,nan,nan
6975000,0,1.0866,nan,nan
6980000,0,1.37221,nan,nan
6985000,0,1.0866,nan,nan
6990000,0,1.37221,nan,nan
6995000,0,1.37221,nan,nan
7000000,0,1.37221,nan,nan
7005000,0,1.21797,nan,nan
7010000,0,1.45953,nan,nan
7015000,0,1.14971,nan,nan
7020000,0,1.37221,nan,nan
7025000,0,1.45953,nan,nan
7030000,0,1.37221,nan,nan
7035000,0,1.37221,nan,nan
7040000,0,1.37221,nan,nan
7045000,0,1.37221,nan,nan
7050000,0,1.37221,nan,nan
7055000,0,1.45953,nan,nan
7060000,0,1.37221,nan,nan
7065000,0,1.37221,nan,nan
7070000,0,1.37221,nan,nan
7075000,0,1.29193,nan,nan
7119000,0,1.45953,30.1724,79.6551
7124000,0,1.14971,30.1724,79.7253
7129000,0,1.37221,30.1297,79.7253
7134000,0,1.45953,30.1297,79.8077
7139000,0,1.37221,30.1297,79.8199
7144000,0,1.37221,30.1431,79.8749
7149000,0,1.37221,30.1591,79.8581
7154000,0,1.55468,30.1431,79.7925
7159000,0,1.37221,30.1297,79.7986
7164000,0,1.37221,30.1858,79.8535
7169000,0,0.864232,30.1724,79.8398
7174000,0,1.21797,30.1858,79.8428
7179000,0,1.29193,30.1991,79.826
7184000,0,1.14971,30.2285,79.8245
7190000,421.556,0,30.2846,79.7238
7195000,30.8809,0.0187757,30.3407,79.6689
7208000,20.2603,0.174297,30.4368,79.8245
7213000,19.2026,0.652319,30.4662,79.8627
7218000,19.2026,0.864232,30.4528,79.5514
7223000,19.2026,1.45953,30.3674,79.3256
7228000,14.8823,1.89703,30.2686,79.2996
7233000,18.0425,2.38679,30.2552,79.3774
7238000,14.8823,1.7723,30.1858,79.4858
7243000,13.9296,2.68477,30.1858,79.556
7248000,10.5768,3.44769,30.1991,79.6735
7253000,10.5768,3.44769,30.2552,79.7162
7258000,14.8823,3.44769,30.2419,79.6109
7263000,14.8823,3.9461,30.2552,79.6368
7268000,13.0243,3.44769,30.2686,79.6384
7274000,14.8823,2.68477,30.2686,79.6918
7279000,14.8823,2.38679,30.3246,79.7345
7284000,10.5768,3.44769,30.2686,79.5773
7289000,10.5768,4.20369,30.2419,79.5407
7294000,13.9296,3.9461,30.2686,79.5468
7299000,9.15254,4.20369,30.2979,79.501
7304000,10.5768,4.4806,30.2686,79.4858
7309000,10.5768,4.4806,30.2552,79.5102
7314000,9.15254,4.78864,30.2285,79.4965
7319000,9.15254,4.78864,30.2152,79.5422
7324000,9.84493,10,30.1591,79.5697
7329000,6.23033,5.55066,30.1591,79.5911
7334000,10.5768,5.55066,30.1431,79.6887
7339000,9.84493,5.55066,30.1724,79.7162
7344000,10.5768,4.20369,30.2285,79.7833
7350000,9.15254,3.9461,30.2686,79.7711
7355000,9.84493,4.20369,30.2686,79.6918
7360000,10.5768,2.68477,30.2686,79.5972
7365000,9.15254,5.14056,30.2686,79.5056
7370000,9.15254,5.55066,30.2419,79.4873
7375000,10.5768,5.55066,30.1991,79.5285
7380000,7.88001,6.47345,30.1858,79.5972
7385000,9.84493,6.01378,30.1297,79.6551
7390000,7.88001,5.55066,30.1724,79.707
7395000,7.88001,6.99589,30.1431,79.7101
7400000,7.29697,10,30.1164,79.7559
7405000,9.15254,7.71603,30.1591,79.8474
7410000,9.84493,6.99589,30.103,79.8016
7415000,9.84493,7.71603,30.103,79.852
7421000,8.49805,6.47345,30.087,79.8703
7426000,8.49805,6.47345,30.0736,79.8856
7431000,7.88001,7.71603,30.0736,79.9481
7436000,9.15254,7.71603,30.0736,80
7441000,7.88001,7.71603,30.0309,80.0092
7446000,6.74754,6.99589,30.0603,80.0687
7451000,7.88001,6.47345,30.0603,80.0366
7456000,8.49805,7.71603,30.0469,79.9817
7461000,8.49805,9.89876,30.0736,80.0397
7466000,7.88001,9.89876,30.0736,80.0916
7471000,8.49805,10,30.087,80.0763
7476000,8.49805,7.71603,30.0736,80.0397
7481000,8.49805,7.71603,30.0736,80.0809
7486000,9.15254,7.71603,30.103,80.0809
7492000,7.88001,9.89876,30.103,80.0366
7534000,7.88001,10,30.0042,80.1358
7539000,9.15254,6.99589,30.087,80.3418
7544000,6.74754,6.01378,30.1591,80.4212
7549000,9.15254,4.78864,30.1991,80.3388
7554000,10.5768,4.4806,30.2285,80.1831
7559000,28.9137,4.78864,30.2419,80.1236
7564000,0,4.20369,30.2846,79.9298
7569000,20.2603,3.9461,30.3113,79.8123
7574000,10.5768,4.78864,30.4101,79.8489
7579000,9.15254,3.68391,30.4368,79.7421
7584000,80.5768,2.68477,30.4368,79.8245
7590000,9.84493,4.4806,30.4234,79.5239
7595000,10.5768,6.01378,30.3674,79.3027
7600000,8.49805,7.71603,30.3113,79.2706
7605000,7.88001,7.71603,30.2846,79.3256
7610000,14.8823,7.71603,30.2686,79.3713
7615000,8.49805,9.89876,30.2419,79.4369
7620000,9.15254,10,30.2152,79.501
7625000,7.29697,10,30.2152,79.5422
7630000,9.15254,9.89876,30.1858,79.6292
7635000,7.88001,9.89876,30.1724,79.707
7640000,7.88001,10,30.1591,79.7559
7645000,7.88001,10,30.1164,79.7742
7650000,8.49805,10,30.1164,79.8032
7656000,7.88001,10,30.087,79.8703
7661000,7.88001,10,30.1297,79.9435
7666000,9.15254,6.99589,30.1858,80.09
7671000,9.84493,6.47345,30.2419,80.0229
7676000,10.5768,5.14056,30.2552,79.8901
7681000,14.8823,4.20369,30.3407,79.7604
7686000,13.0243,4.20369,30.3807,79.5956
7691000,13.0243,3.44769,30.4234,79.4919
7696000,13.0243,3.44769,30.4101,79.3454
7701000,14.8823,2.68477,30.4662,79.2355
7706000,18.0425,2.68477,30.5116,79.1241
7711000,13.9296,2.68477,30.5383,78.9975
7716000,13.9296,2.68477,30.581,78.9242
7722000,18.0425,2.38679,30.6237,78.8006
7727000,13.9296,2.68477,30.6077,78.7365
7732000,14.8823,2.38679,30.6504,78.6542
7737000,13.9296,2.38679,30.6931,78.5931
7742000,14.8823,2.38679,30.7492,78.4833
7747000,13.0243,2.38679,30.7919,78.3185
7752000,10.5768,2.38679,30.832,78.1125
7757000,13.9296,2.8553,30.8747,78.0301
7762000,15.8842,2.25617,30.9174,77.8561
7767000,13.9296,2.13605,30.9174,77.7737
7772000,19.2026,2.38679,31.0002,77.6791
7777000,15.8842,2.13605,31.0002,77.5357
7782000,13.0243,2.13605,31.043,77.4533
7788000,14.8823,3.9461,31.0163,77.3434
7793000,20.2603,2.02533,31.0163,77.2931
7798000,14.8823,2.13605,31.0296,77.2854
7803000,18.0425,2.13605,31.059,77.2076
7808000,14.8823,2.13605,31.0884,77.1237
7813000,13.0243,2.13605,31.0884,77.0611
7818000,13.9296,2.38679,31.059,77.116
7823000,13.0243,2.38679,31.043,77.0825
7828000,15.8842,2.13605,31.0296,77.0977
7833000,14.8823,2.38679,31.0884,77.1237
7838000,0,2.13605,31.0884,77.052
7843000,14.8823,2.38679,31.1151,77.0062
7848000,14.8823,2.25617,31.0884,76.9696
7854000,14.8823,2.13605,31.1151,76.9131
7859000,14.8823,2.02533,31.1151,76.8811
7864000,13.9296,2.13605,31.1578,76.8917
7869000,14.8823,2.13605,31.2005,77.6455
7874000,13.9296,2.38679,31.2139,77.5357
7879000,14.8823,2.13605,31.2272,77.4762
7884000,13.9296,2.13605,31.2139,77.3907
7889000,14.8823,2.13605,31.2005,77.0565
7894000,15.8842,2.25617,31.2272,76.817
7899000,12.1649,2.13605,31.2699,76.672
7904000,9.15254,2.25617,31.2699,76.5377
7909000,10.5768,2.13605,31.2833,76.466
7915000,13.9296,2.13605,31.2966,76.405
7920000,14.8823,2.38679,31.2966,76.3317
7925000,10.5768,2.13605,31.3687,76.318
7930000,14.8823,2.13605,31.3954,76.26
7935000,14.8823,2.02533,31.3954,76.1547
7940000,13.9296,2.02533,31.4088,76.0525
7945000,15.8842,1.89703,31.4382,76.0296
7950000,14.8823,2.02533,31.4382,76.0067
7955000,13.9296,2.13605,31.4649,75.9304
7960000,14.8823,2.13605,31.4649,75.9197
7965000,9.84493,2.13605,31.4382,75.9014
7970000,18.0425,1.89703,31.4809,75.8602
7975000,14.8823,2.13605,31.4942,75.8297
7981000,14.8823,2.02533,31.4809,75.7336
7986000,14.8823,2.02533,31.537,75.7458
7991000,14.8823,1.89703,31.5076,75.697
7996000,13.9296,2.02533,31.537,75.6405
8001000,10.5768,2.02533,31.5209,75.6588
8006000,14.8823,2.02533,31.537,75.6512
8011000,14.8823,1.89703,31.537,75.61
8016000,14.8823,2.02533,31.5503,75.6359
8021000,14.8823,2.02533,31.537,75.6222
8026000,14.8823,1.89703,31.537,75.6222
8031000,14.8823,2.13605,31.5663,75.5444
8036000,14.8823,2.02533,31.5503,75.5184
8041000,13.9296,2.02533,31.5797,75.4711
8047000,13.0243,3.9461,31.5797,75.4711
8052000,10.5768,2.02533,31.5503,75.4543
8057000,14.8823,2.13605,31.5663,75.4391
8062000,14.8823,2.02533,31.5663,75.4162
8067000,14.8823,2.02533,31.5663,75.4482
8072000,14.8823,2.13605,31.5957,75.4223
8077000,14.8823,2.13605,31.5797,75.4299
8082000,14.8823,1.89703,31.5797,75.3765
8087000,14.8823,2.13605,31.5797,75.3887
8092000,13.0243,1.89703,31.5797,75.4086
8097000,14.8823,1.89703,31.6091,75.4253
8102000,14.8823,2.02533,31.6358,75.3582
8108000,19.2026,1.89703,31.6651,75.3338
8113000,14.8823,1.89703,31.6785,75.2743
8118000,14.8823,1.89703,31.6918,75.2148
8123000,18.0425,2.02533,31.6785,75.1369
8128000,15.8842,1.89703,31.6918,75.1293
8133000,18.0425,2.02533,31.7079,75.111
8138000,14.8823,1.65858,31.6785,75.1156
8143000,15.8842,1.89703,31.7212,75.1247
8148000,14.8823,1.7723,31.7639,75.1247
8195000,19.2026,2.38679,31.8467,75.9121
8200000,15.8842,0,31.8761,75.9716
8205000,13.0243,1.89703,31.8601,75.642
8210000,18.0425,1.65858,31.8334,75.2575
8215000,14.8823,1.55468,31.8601,74.9706
8221000,15.8842,1.55468,32.0871,76.6857
8226000,14.8823,2.13605,32.1031,79.321
8231000,18.0425,1.37221,32.031,77.9065
8236000,18.0425,1.55468,31.9722,76.3012
8241000,13.9296,1.55468,31.9589,75.3811
8246000,13.0243,1.65858,31.9883,74.9249
8251000,18.0425,1.45953,32.0016,74.696
8256000,14.8823,1.65858,31.9455,74.5678
8261000,14.8823,1.55468,31.9322,74.49
8266000,15.8842,1.65858,31.9322,74.4686
8271000,14.8823,1.7723,31.9322,74.4488
8276000,14.8823,1.89703,31.82,74.4961
8282000,18.0425,1.89703,31.804,74.6288
8287000,14.8823,1.65858,31.7773,74.6456
8292000,18.0425,1.7723,31.804,74.7021
8297000,15.8842,1.7723,31.82,74.6746
8302000,10.5768,1.65858,31.7906,74.7234
8307000,14.8823,1.65858,31.804,74.6822
8312000,15.8842,1.65858,31.82,74.8333
8317000,13.0243,1.89703,31.7773,75.0454
8322000,18.0425,1.7723,31.6785,75.0515
8327000,13.9296,1.7723,31.6358,75.0637
8332000,14.8823,1.7723,31.6358,75.2331
8337000,15.8842,1.65858,31.6651,75.1873
8343000,14.8823,1.89703,31.7079,75.1339
8348000,14.8823,1.7723,31.7212,75.0637
8353000,14.8823,1.65858,31.7212,75.0423
8358000,18.0425,1.7723,31.7346,75.024
8363000,14.8823,1.45953,31.7479,74.9859
8368000,14.8823,1.65858,31.7773,74.9172
8373000,15.8842,1.7723,31.7639,74.8531
8378000,18.0425,1.89703,31.7773,74.8241
8383000,13.0243,1.7723,31.7906,74.7936
8427000,14.8823,1.7723,31.7479,76.1852
8432000,18.0425,1.65858,31.7212,75.9472
8437000,10.5768,2.02533,31.6651,75.819
8442000,15.8842,1.65858,31.6785,75.5047
8447000,10.5768,1.65858,31.6918,75.2972
8452000,15.8842,1.65858,31.7079,75.1965
8457000,18.0425,1.65858,31.7212,75.1247
8462000,18.0425,1.65858,31.7212,75.0423
8467000,18.0425,1.65858,31.6785,75.0103
8472000,15.8842,1.65858,31.7346,74.9722
8477000,14.8823,1.65858,31.7346,74.9294
8482000,14.8823,1.7723,31.7212,74.8943
8488000,14.8823,1.89703,31.7212,74.9035
8493000,15.8842,1.7723,31.7346,74.8989
8498000,18.0425,1.21797,31.804,74.8516
8503000,26.1139,1.65858,31.804,74.7875
8508000,18.0425,1.65858,31.82,74.7921
8513000,14.8823,2.13605,31.82,74.6838
8518000,18.0425,1.89703,31.7906,74.6777
8523000,15.8842,1.7723,31.804,74.6731
8528000,10.5768,1.89703,31.7906,74.6471
8533000,13.9296,1.89703,31.7773,74.6548
8538000,15.8842,1.89703,31.7346,74.6868
8578000,13.9296,1.89703,31.7079,77.4899
8583000,14.8823,2.68477,31.7079,77.5906
8588000,14.8823,1.89703,31.6651,76.6293
8593000,13.9296,1.89703,31.6651,75.9243
8598000,14.8823,3.9461,31.6651,75.5322
8603000,19.2026,1.89703,31.6918,75.3491
8608000,13.0243,1.89703,31.7212,75.198
8613000,19.2026,1.65858,31.7212,75.0957
8618000,14.8823,1.89703,31.6918,74.9722
8623000,10.5768,9.89876,31.7079,76.2173
8628000,14.8823,1.89703,31.6918,75.9808
8634000,18.0425,1.89703,31.6918,75.4986
8639000,13.0243,1.89703,31.7212,75.2743
8644000,13.9296,1.89703,31.7639,75.0729
8649000,14.8823,1.65858,31.7773,74.9935
8654000,15.8842,1.65858,31.7773,74.8852
8659000,18.0425,1.7723,31.7346,74.8348
8664000,18.0425,2.25617,31.7773,74.7921
8669000,13.9296,1.89703,31.7479,74.7646
8674000,13.9296,1.89703,31.7479,74.7204
8679000,13.0243,1.89703,31.7639,74.757
8684000,14.8823,1.89703,31.7346,74.7829
8689000,9.84493,1.89703,31.7346,74.7616
8695000,14.8823,2.02533,31.7639,74.7463
8700000,14.8823,1.89703,31.7346,74.7829
8705000,13.0243,1.89703,31.7346,74.8028
8710000,18.0425,1.7723,31.7346,74.8348
8715000,14.8823,1.65858,31.7906,74.8257
8720000,18.0425,1.7723,31.7639,74.7372
8725000,7.29697,1.89703,31.7773,74.728
8730000,14.8823,2.02533,31.7639,74.7051
8735000,14.8823,1.89703,31.7479,74.7204
8740000,14.8823,1.7723,31.7773,74.7387
8745000,18.0425,1.65858,31.7773,74.7387
8750000,15.8842,1.7723,31.7639,74.6838
8755000,15.8842,1.7723,31.7906,74.6777
8761000,13.9296,1.89703,31.7906,74.6685
8766000,18.0425,1.65858,31.7906,74.6593
8771000,14.8823,3.9461,31.7906,74.6471
8776000,15.8842,2.13605,31.804,75.5871
8781000,15.8842,1.0866,31.7773,76.2325
8786000,23.4909,0.545428,31.804,76.4614
8791000,13.9296,1.45953,31.82,76.5927
8796000,14.8823,1.7723,31.7906,75.816
8801000,14.8823,1.7723,31.7906,75.2667
8806000,14.8823,1.65858,31.82,75.0225
8811000,19.2026,1.7723,31.7906,74.8577
8817000,18.0425,1.55468,31.804,74.7662
8822000,18.0425,1.89703,31.82,74.6746
8827000,13.9296,1.7723,31.8334,74.6365
8832000,14.8823,1.7723,31.8601,74.5998
8837000,14.8823,1.7723,31.8601,74.5495
8842000,15.8842,1.7723,31.8761,74.4991
8847000,18.0425,1.7723,31.8894,74.5037
8852000,14.8823,1.55468,31.8467,74.4594
8857000,15.8842,1.65858,31.8601,74.4442
8862000,7.88001,1.65858,31.9028,74.4091
8867000,15.8842,1.65858,31.9028,74.3999
8872000,14.8823,1.89703,31.8761,74.3618
8877000,9.15254,2.25617,31.8334,74.3954
8883000,14.8823,1.7723,31.8334,74.3847
8888000,13.9296,1.65858,31.8334,74.4137
8893000,18.0425,1.89703,31.8467,74.4488
8898000,14.8823,1.7723,31.8601,74.4732
8903000,18.0425,1.55468,31.8467,74.4594
8908000,14.8823,2.02533,31.8334,74.4671
8913000,10.5768,4.78864,31.8334,74.4366
8918000,14.8823,1.65858,31.8334,74.4579
8923000,13.9296,1.65858,31.8334,74.4778
8928000,14.8823,1.7723,31.8601,74.4732
8933000,15.8842,1.65858,31.8334,74.4671
8938000,18.0425,1.7723,31.8467,74.4594
8944000,7.88001,1.65858,31.8467,74.4594
8949000,18.0425,1.7723,31.8467,74.4396
8954000,15.8842,1.89703,31.8467,74.4274
8959000,15.8842,1.89703,31.8601,74.4213
8964000,14.8823,1.7723,31.8467,74.4183
8969000,15.8842,1.7723,31.8601,74.4625
8974000,18.0425,1.65858,31.8761,74.435
8979000,14.8823,1.7723,31.8761,74.4549
8984000,14.8823,1.65858,31.8761,74.4259
8989000,14.8823,1.65858,31.9162,74.4137
9033000,19.2026,1.65858,31.7773,75.0103
9038000,18.0425,1.65858,31.7346,75.1705
9043000,14.8823,1.7723,31.7906,75.3719
9048000,15.8842,1.89703,31.7639,75.3887
9053000,18.0425,1.65858,31.7906,75.0362
9058000,13.9296,1.89703,31.804,74.8806
9063000,14.8823,1.89703,31.8334,74.7616
9068000,18.0425,1.65858,31.82,74.696
9082000,15.8842,1.65858,31.8334,74.9111
9087000,20.2603,1.7723,31.804,74.7982
9099000,15.8842,1.55468,31.7906,74.7936
9104000,18.0425,1.7723,31.82,74.696
9109000,18.0425,1.65858,31.82,74.6654
9114000,18.0425,1.7723,31.804,74.638
9119000,14.8823,1.7723,31.82,74.5815
9124000,15.8842,1.89703,31.8467,74.6059
9129000,18.0425,1.89703,31.8467,74.6181
9134000,15.8842,1.89703,31.804,74.5235
9139000,18.0425,1.7723,31.804,74.5556
9144000,18.0425,1.65858,31.804,74.5449
9149000,13.0243,1.7723,31.804,74.5861
9154000,15.8842,1.89703,31.7773,74.6014
9160000,13.0243,2.02533,31.7346,74.6334
9165000,10.5768,2.02533,31.7212,74.696
9170000,14.8823,1.65858,31.7346,74.8028
9175000,14.8823,1.89703,31.6785,74.8013
9180000,15.8842,2.02533,31.6651,74.8714
9185000,13.9296,2.13605,31.6358,74.9584
9190000,14.8823,1.89703,31.6358,75.0423
9195000,18.0425,2.02533,31.5957,75.0652
9200000,23.4909,1.89703,31.6224,75.1339
9205000,14.8823,2.02533,31.5957,75.1507
9210000,19.2026,1.45953,31.6224,75.4589
9215000,15.8842,1.7723,31.6224,75.9564
9220000,14.8823,1.89703,31.5957,75.8236
9226000,18.0425,1.89703,31.5957,76.0433
9231000,18.0425,1.7723,31.5797,75.8923
9236000,18.0425,2.02533,31.5663,75.7
9241000,14.8823,1.89703,31.6091,75.5322
9246000,18.0425,2.02533,31.6224,75.3765
9251000,18.0425,1.7723,31.6224,75.2804
9256000,14.8823,1.65858,31.6651,75.1659
9261000,18.0425,1.89703,31.6918,75.1293
9266000,14.8823,1.65858,31.7212,75.0088
9271000,15.8842,1.89703,31.7346,74.9813
9276000,14.8823,1.89703,31.7212,74.9477
9282000,18.0425,1.65858,31.7639,74.8943
9287000,13.9296,1.89703,31.7479,74.8379
9292000,14.8823,1.37221,31.7773,74.7921
9297000,14.8823,1.89703,31.804,74.7662
9302000,14.8823,1.89703,31.7773,74.6746
9307000,14.8823,1.89703,31.82,74.6838
9312000,15.8842,1.65858,31.82,74.6548
9317000,14.8823,1.89703,31.8467,74.641
9322000,19.2026,1.89703,31.82,74.6136
9327000,14.8823,1.89703,31.804,74.6731
9332000,13.0243,1.7723,31.804,74.6502
9337000,14.8823,1.65858,31.8334,74.6456
9343000,18.0425,1.7723,31.82,74.6334
9348000,14.8823,1.7723,31.8467,74.5647
9353000,14.8823,1.65858,31.8334,74.551
9358000,18.0425,1.7723,31.8467,74.5647
9363000,14.8823,1.89703,31.8467,74.5357
9368000,18.0425,2.02533,31.8467,74.5647
9373000,18.0425,1.89703,31.8467,74.5129
9378000,18.0425,1.65858,31.8761,74.5312
9383000,14.8823,1.89703,31.9028,74.5052
9388000,18.0425,1.65858,31.8761,74.5083
9393000,15.8842,1.65858,31.8601,74.4625
9398000,15.8842,1.7723,31.8894,74.4686
9404000,14.8823,1.89703,31.8601,74.5052
9409000,15.8842,1.65858,31.8334,74.4778
9414000,14.8823,2.02533,31.8601,74.5144
9419000,14.8823,1.7723,31.8761,74.4778
9424000,15.8842,1.7723,31.8761,74.4869
9429000,10.5768,1.65858,31.8601,74.4442
9434000,15.8842,1.89703,31.8601,74.4442
9439000,18.0425,1.89703,31.8761,74.4869
9444000,15.8842,1.89703,31.8761,74.4778
9449000,18.0425,1.7723,31.8467,74.4808
9454000,14.8823,1.89703,31.8334,74.5418
9459000,15.8842,1.89703,31.8334,74.5632
9464000,10.5768,1.89703,31.82,74.5907
9470000,14.8823,1.89703,31.8334,74.6273
9475000,14.8823,1.89703,31.82,74.6227
9480000,19.2026,1.89703,31.82,74.6014
9485000,14.8823,2.02533,31.82,74.6334
9490000,15.8842,1.89703,31.8334,74.583
9495000,21.8381,1.7723,31.8334,74.6273
9500000,18.0425,1.65858,31.8467,74.6288
9505000,18.0425,1.65858,31.8467,74.5769
9510000,18.0425,1.7723,31.8334,74.5418
9515000,15.8842,1.89703,31.8467,74.5449
9520000,18.0425,1.7723,31.8761,74.551
9525000,15.8842,3.9461,31.8761,74.5312
9531000,13.9296,2.13605,31.8334,74.5098
9536000,14.8823,2.02533,31.82,74.5693
9541000,14.8823,2.13605,31.804,74.638
9546000,18.0425,2.02533,31.7773,74.6334
9551000,14.8823,2.13605,31.7773,74.6654
9556000,14.8823,1.89703,31.7906,74.7112
9561000,14.8823,2.02533,31.7906,74.7005
9566000,18.0425,1.89703,31.804,74.7143
9571000,18.0425,1.89703,31.7773,74.7066
9576000,18.0425,2.02533,31.7773,74.7387
9581000,18.0425,2.02533,31.7906,74.7234
9586000,18.0425,2.13605,31.7906,74.7646
9591000,14.8823,2.02533,31.7773,74.7387
9597000,14.8823,1.89703,31.7906,74.7753
9602000,18.0425,2.02533,31.7773,74.7509
9607000,15.8842,1.89703,31.7479,74.7646
9612000,14.8823,1.89703,31.7346,74.7921
9617000,14.8823,2.13605,31.7479,74.8165
9622000,15.8842,2.02533,31.7479,74.8165
9627000,18.0425,1.89703,31.7639,74.8196
9632000,14.8823,2.02533,31.7479,74.8379
9637000,14.8823,2.02533,31.7346,74.7829
9642000,13.9296,2.13605,31.7479,74.8074
9647000,14.8823,2.13605,31.7079,74.8074
9652000,14.8823,2.13605,31.6785,74.8852
9658000,19.2026,2.13605,31.7079,74.8928
9663000,15.8842,1.89703,31.6651,74.9126
9668000,13.9296,2.13605,31.6785,74.9264
9673000,14.8823,2.13605,31.6518,74.963
9678000,14.8823,2.13605,31.6518,75.0362
9683000,14.8823,2.13605,31.6358,75.0546
9688000,10.5768,2.13605,31.6518,75.1003
9693000,14.8823,2.13605,31.6651,75.0698
9698000,15.8842,2.13605,31.6651,75.0912
9703000,15.8842,2.13605,31.6091,75.1324
9708000,19.2026,2.38679,31.6224,75.1873
9713000,14.8823,2.38679,31.5663,75.2056
9719000,10.5768,10,31.5209,75.2697
9724000,360.324,2.13605,31.4942,75.7473
9729000,10.5768,2.13605,31.4809,75.7748
9734000,14.8823,2.25617,31.4942,75.6542
9739000,15.8842,2.13605,31.537,75.61
9744000,14.8823,2.02533,31.537,75.5367
9749000,14.8823,1.89703,31.5209,75.523
9754000,18.0425,2.02533,31.5503,75.5184
9759000,14.8823,2.38679,31.5503,75.4955
9764000,18.0425,2.02533,31.537,75.4528
9769000,14.8823,2.02533,31.5503,75.4772
9774000,13.0243,2.13605,31.5503,75.4437
9779000,18.0425,2.13605,31.5503,75.4543
9785000,14.8823,1.89703,31.537,75.4406
9790000,14.8823,2.02533,31.5503,75.4437
9795000,18.0425,2.13605,31.5663,75.4162
9800000,14.8823,2.13605,31.5503,75.4025
9805000,13.9296,2.02533,31.5503,75.4437
9810000,18.0425,3.44769,31.537,75.4314
9815000,14.8823,2.38679,31.537,75.3994
9820000,13.9296,2.13605,31.5503,75.4345
9825000,18.0425,2.38679,31.5209,75.4177
9830000,14.8823,2.13605,31.4942,75.4757
9835000,14.8823,2.38679,31.4809,75.523
9840000,14.8823,2.38679,31.4809,75.555
9845000,14.8823,2.38679,31.4515,75.5489
9851000,13.9296,2.13605,31.4809,75.5856
9856000,18.0425,2.13605,31.4809,75.5856
9861000,14.8823,2.13605,31.4649,75.5718
9866000,14.8823,2.25617,31.4809,75.5856
9871000,15.8842,2.38679,31.5076,75.5627
9876000,14.8823,2.25617,31.4942,75.5688
9881000,14.8823,2.13605,31.4649,75.5398
9886000,18.0425,2.13605,31.4809,75.5444
9891000,15.8842,2.68477,31.4649,75.5825
9896000,14.8823,2.13605,31.4649,75.6039
9901000,13.9296,2.38679,31.4515,75.613
9906000,14.8823,2.25617,31.4382,75.6924
9911000,9.15254,2.25617,31.4248,75.7519
9917000,10.5768,2.13605,31.4382,75.6924
9922000,15.8842,2.13605,31.4515,75.6863
9927000,18.0425,2.13605,31.4382,75.7137
9932000,14.8823,2.13605,31.4382,75.7336
9937000,18.0425,2.25617,31.4649,75.7
9942000,18.0425,2.02533,31.4649,75.7
9947000,14.8823,2.25617,31.4809,75.6817
9952000,15.8842,2.25617,31.4649,75.6878
9957000,14.8823,2.25617,31.4649,75.6649
9962000,14.8823,2.13605,31.4649,75.6649
9967000,10.5768,2.13605,31.4942,75.642
9972000,14.8823,2.02533,31.5209,75.6176
9978000,10.5768,2.13605,31.5209,75.6176
9983000,13.0243,2.13605,31.537,75.5871
9988000,7.29697,3.9461,31.537,75.5169
9993000,18.0425,2.25617,31.5076,75.4986
9998000,14.8823,2.38679,31.537,75.5261
10003000,18.0425,2.38679,31.5076,75.5093
10008000,14.8823,2.38679,31.4942,75.5169
10013000,14.8823,2.13605,31.4942,75.5581
10018000,14.8823,2.13605,31.5076,75.5505
10023000,14.8823,2.38679,31.5076,75.5306
10028000,14.8823,2.13605,31.5076,75.5306
10033000,14.8823,2.25617,31.5076,75.5306
10039000,14.8823,2.13605,31.537,75.5169
10044000,14.8823,2.25617,31.5076,75.5184
10049000,15.8842,2.25617,31.537,75.5459
10054000,19.2026,2.02533,31.5209,75.5001
10059000,18.0425,2.13605,31.5503,75.5398
10064000,15.8842,2.13605,31.537,75.4849
10069000,18.0425,2.38679,31.5209,75.4803
10074000,18.0425,2.13605,31.5076,75.5184
10079000,14.8823,2.02533,31.5209,75.5123
10084000,18.0425,2.13605,31.4809,75.491
10089000,18.0425,2.13605,31.4942,75.5779
10094000,13.9296,2.13605,31.4809,75.5764
10099000,14.8823,2.13605,31.4515,75.6008
10105000,18.0425,2.38679,31.4088,75.6542
10110000,14.8823,2.38679,31.4248,75.7092
10115000,18.0425,2.38679,31.4515,75.7595
10120000,14.8823,2.13605,31.4649,75.7412
10125000,18.0425,2.38679,31.4515,75.6741
10130000,14.8823,2.38679,31.4649,75.6558
10135000,19.2026,1.7723,31.4809,75.6085
10140000,14.8823,2.38679,31.4809,75.6374
10145000,14.8823,2.38679,31.5076,75.6039
10150000,15.8842,2.25617,31.5209,75.5642
10155000,14.8823,2.13605,31.5209,75.5535
10160000,14.8823,2.38679,31.4942,75.5459
10165000,13.9296,2.13605,31.5209,75.5642
10171000,14.8823,2.38679,31.537,75.5047
10176000,18.0425,2.38679,31.537,75.5367
10181000,13.0243,4.20369,31.4942,75.4757
10186000,15.8842,2.25617,31.5076,75.4864
10191000,14.8823,2.38679,31.537,75.5261
10196000,14.8823,2.38679,31.5503,75.4772
10201000,18.0425,2.13605,31.537,75.462
10206000,15.8842,2.13605,31.537,75.4528
10211000,14.8823,2.25617,31.5076,75.4986
10216000,18.0425,2.13605,31.4942,75.5276
10221000,18.0425,2.38679,31.5076,75.581
10226000,18.0425,2.13605,31.4809,75.5764
10231000,14.8823,3.68391,31.5076,75.6039
10237000,14.8823,2.38679,31.5209,75.5535
10242000,18.0425,2.25617,31.5076,75.5398
10247000,15.8842,2.38679,31.5209,75.5001
10252000,15.8842,2.13605,31.537,75.494
10257000,7.29697,2.38679,31.5503,75.5077
10262000,15.8842,2.13605,31.5797,75.4406
10267000,18.0425,2.13605,31.5797,75.3994
10272000,14.8823,2.13605,31.5503,75.4131
10277000,14.8823,2.38679,31.5663,75.3948
10282000,18.0425,2.25617,31.537,75.4086
10287000,14.8823,2.38679,31.537,75.4314
10292000,18.0425,2.13605,31.537,75.4314
10297000,18.0425,2.13605,31.537,75.462
10303000,18.0425,2.38679,31.5076,75.4543
10308000,14.8823,2.38679,31.5076,75.4986
10313000,13.9296,2.13605,31.5076,75.5306
10318000,14.8823,2.25617,31.5076,75.5306
10323000,18.0425,2.38679,31.4942,75.5367
10328000,18.0425,2.25617,31.5209,75.5642
10333000,18.0425,2.13605,31.5503,75.5718
10338000,14.8823,2.13605,31.537,75.5047
10343000,18.0425,2.13605,31.5797,75.5032
10348000,14.8823,2.38679,31.5503,75.4864
10353000,18.0425,2.38679,31.537,75.494
10358000,14.8823,2.25617,31.537,75.5169
10363000,19.2026,2.25617,31.5209,75.5123
10369000,18.0425,2.38679,31.5209,75.5322
10374000,14.8823,2.25617,31.537,75.494
10379000,15.8842,2.13605,31.537,75.5169
10384000,15.8842,2.25617,31.5663,75.5001
10389000,14.8823,2.38679,31.6091,75.4574
10394000,19.2026,2.13605,31.6091,75.4162
10399000,18.0425,2.02533,31.5797,75.3658
10404000,15.8842,2.38679,31.5797,75.3567
10409000,9.15254,2.38679,31.5663,75.3521
10414000,13.9296,2.13605,31.5957,75.3704
10419000,15.8842,2.13605,31.6091,75.3719
10424000,14.8823,2.13605,31.6091,75.3536
10429000,9.15254,2.02533,31.6358,75.2941
10435000,18.0425,2.25617,31.6518,75.288
10440000,18.0425,2.13605,31.6518,75.2575
10445000,18.0425,2.38679,31.6091,75.2254
10450000,19.2026,2.25617,31.6091,75.2895
10455000,18.0425,2.13605,31.5663,75.3018
10460000,18.0425,2.38679,31.5663,75.2895
10465000,13.9296,3.44769,31.5663,75.3338
10470000,14.8823,2.13605,31.5797,75.3765
10475000,18.0425,2.13605,31.5797,75.3765
10480000,15.8842,2.25617,31.6358,75.3903
10485000,18.0425,2.13605,31.6224,75.2804
10490000,18.0425,2.13605,31.6518,75.2239
10495000,14.8823,2.13605,31.6358,75.2422
10501000,18.0425,2.13605,31.6224,75.2392
10506000,15.8842,2.02533,31.6224,75.2193
10511000,14.8823,2.38679,31.6224,75.2285
10516000,18.0425,2.13605,31.6518,75.2346
10521000,18.0425,2.25617,31.6224,75.2392
10526000,14.8823,2.38679,31.6224,75.1873
10531000,14.8823,2.13605,31.5957,75.2438
10536000,18.0425,2.25617,31.6518,75.2575
10541000,19.2026,2.13605,31.6224,75.2804
10546000,19.2026,2.13605,31.6224,75.2712
10551000,15.8842,2.13605,31.6224,75.2712
10556000,19.2026,2.38679,31.6224,75.2514
10562000,18.0425,2.13605,31.6224,75.2392
10567000,18.0425,2.25617,31.6224,75.2804
10572000,14.8823,2.13605,31.6224,75.2285
10577000,18.0425,2.38679,31.6518,75.2239
10582000,19.2026,2.13605,31.6091,75.1934
10587000,18.0425,2.13605,31.6358,75.1705
10592000,19.2026,2.13605,31.6358,75.201
10597000,14.8823,2.13605,31.6518,75.2056
10602000,18.0425,2.13605,31.6651,75.1324
10607000,19.2026,2.25617,31.6651,75.1324
10612000,13.9296,2.13605,31.6651,75.1659
10617000,19.2026,2.25617,31.6358,75.1278
10622000,18.0425,2.02533,31.6518,75.1522
10628000,14.8823,2.13605,31.6224,75.1659
10633000,18.0425,2.25617,31.6358,75.1888
10638000,19.2026,2.38679,31.6091,75.2056
10643000,18.0425,2.38679,31.6091,75.2377
10648000,18.0425,2.13605,31.6091,75.2667
10653000,15.8842,2.13605,31.6224,75.2621
10658000,14.8823,2.25617,31.5957,75.2651
10663000,18.0425,2.38679,31.5957,75.285
10668000,18.0425,1.89703,31.5797,75.3033
10673000,18.0425,2.25617,31.5957,75.3582
10678000,15.8842,2.38679,31.6224,75.3567
10683000,18.0425,2.25617,31.5957,75.317
10689000,19.2026,2.13605,31.5957,75.3491
10694000,14.8823,2.38679,31.6224,75.2712
10699000,18.0425,2.38679,31.6224,75.2804
10704000,14.8823,2.13605,31.6224,75.3033
10709000,18.0425,2.13605,31.6358,75.2529
10714000,15.8842,2.13605,31.6518,75.2575
10719000,18.0425,2.13605,31.6358,75.2331
10724000,18.0425,2.13605,31.6651,75.2285
10729000,19.2026,2.13605,31.6651,75.2285
10734000,19.2026,2.13605,31.7079,75.1965
10739000,19.2026,2.02533,31.6918,75.1186
10744000,19.2026,2.13605,31.7212,75.1156
10750000,18.0425,2.13605,31.7346,75.1064
10755000,18.0425,2.13605,31.7346,75.1064
10760000,19.2026,1.45953,31.7479,75.079
10765000,19.2026,2.13605,31.7346,75.0134
10770000,18.0425,2.13605,31.7639,74.9889
10775000,15.8842,2.13605,31.7906,74.9844
10780000,18.0425,1.89703,31.804,74.934
10785000,14.8823,2.13605,31.8467,74.8928
10790000,19.2026,1.89703,31.82,74.8531
10795000,18.0425,2.13605,31.8601,74.8333
10800000,18.0425,2.13605,31.82,74.8119
10805000,15.8842,2.25617,31.8334,74.7616
10810000,18.0425,2.13605,31.7906,74.7753
10816000,18.0425,2.13605,31.7773,74.7799
10821000,19.2026,2.13605,31.7906,74.8165
10826000,15.8842,2.13605,31.7906,74.8257
10831000,19.2026,2.25617,31.7479,74.8699
10836000,18.0425,2.25617,31.7479,74.8486
10841000,19.2026,2.25617,31.7639,74.8943
10846000,19.2026,2.13605,31.7346,74.8989
10851000,20.2603,2.13605,31.7346,74.9081
10856000,19.2026,2.38679,31.7639,74.9767
10861000,18.0425,2.13605,31.7639,74.9477
10866000,19.2026,2.25617,31.7639,74.9355
10871000,21.0399,2.02533,31.7479,74.9218
10877000,19.2026,2.13605,31.7639,74.9157
10882000,18.0425,2.25617,31.7479,74.9218
10887000,19.2026,2.13605,31.7773,74.9615
10892000,19.2026,2.13605,31.804,74.9676
10897000,19.2026,2.38679,31.7773,74.8852
10902000,19.2026,2.13605,31.804,74.8394
10907000,19.2026,2.25617,31.804,74.8287
10912000,19.2026,2.13605,31.7773,74.8028
10917000,19.2026,2.13605,31.7639,74.7982
10922000,19.2026,2.13605,31.804,74.8196
10927000,18.0425,2.13605,31.8334,74.815
10932000,19.2026,2.25617,31.8467,74.7753
10937000,19.2026,2.13605,31.8467,74.7555
10943000,15.8842,2.25617,31.8601,74.6838
10948000,20.2603,2.13605,31.8601,74.6517
10953000,19.2026,2.13605,31.8894,74.67
10958000,20.2603,2.13605,31.9162,74.6136
10963000,19.2026,2.13605,31.9455,74.5357
10968000,19.2026,2.02533,31.9722,74.4991
10973000,21.0399,2.25617,31.9722,74.4259
10978000,18.0425,2.13605,31.9455,74.4396
10983000,19.2026,2.02533,31.9722,74.3725
10988000,19.2026,2.02533,31.9322,74.3435
10993000,20.2603,1.65858,31.9455,74.3862
10998000,18.0425,2.13605,31.9589,74.3267
11003000,19.2026,2.13605,31.9322,74.3435
11009000,19.2026,2.25617,31.9589,74.3801
11014000,18.0425,2.38679,31.9322,74.4167
11019000,19.2026,2.13605,31.9162,74.3618
11024000,19.2026,2.13605,31.9455,74.4091
11029000,15.8842,2.13605,31.9322,74.4366
11034000,19.2026,2.13605,31.9322,74.4167
11039000,21.0399,2.02533,31.9322,74.4366
11044000,19.2026,2.13605,31.8894,74.4076
11049000,19.2026,2.02533,31.9028,74.4625
11054000,19.2026,2.13605,31.9322,74.4259
11059000,19.2026,2.13605,31.9455,74.4305
11064000,19.2026,2.13605,31.9589,74.3999
11069000,18.0425,1.89703,31.9883,74.3771
11075000,19.2026,2.02533,31.9883,74.2901
11080000,7.88001,2.02533,31.9883,74.2809
11085000,19.2026,2.02533,32.0176,74.2443
11090000,20.2603,2.13605,31.9722,74.226
11095000,18.0425,1.29193,32.0016,74.2336
11100000,14.8823,2.13605,31.9722,74.2565
11105000,19.2026,2.13605,31.9883,74.345
11110000,19.2026,2.13605,32.0016,74.3481
11115000,19.2026,2.02533,32.0016,74.5373
11120000,21.0399,2.02533,32.0176,74.6151
11125000,18.0425,2.13605,31.9322,74.5861
11130000,19.2026,2.13605,31.9322,74.5647
11136000,15.8842,2.13605,31.9589,74.6426
11141000,19.2026,2.13605,31.9883,74.5861
11146000,19.2026,2.02533,31.9722,74.4579
11151000,18.0425,2.13605,31.9883,74.3664
11156000,19.2026,2.02533,32.0176,74.3496
11161000,19.2026,1.89703,32.0176,74.3206
11166000,19.2026,2.38679,32.0176,74.2565
11171000,19.2026,2.13605,32.0016,74.2748
11176000,21.0399,2.13605,32.0016,74.2748
11181000,19.2026,2.13605,31.9722,74.3084
11186000,19.2026,2.13605,31.9589,74.3709
11191000,21.0399,2.02533,31.9722,74.3526
11197000,19.2026,2.13605,31.9883,74.2718
11202000,19.2026,2.02533,32.031,74.2901
11207000,19.2026,2.02533,32.0176,74.2443
11212000,20.2603,2.02533,32.047,74.2306
11217000,19.2026,2.13605,32.047,74.2107
11222000,19.2026,2.02533,32.0016,74.2519
11227000,19.2026,2.13605,32.0016,74.2748
11232000,19.2026,1.89703,32.0016,74.2519
11237000,19.2026,1.89703,32.0176,74.2443
11242000,19.2026,1.7723,32.031,74.2809
11247000,19.2026,2.13605,32.0016,74.1894
11252000,19.2026,2.13605,32.0016,74.1985
11257000,21.0399,2.13605,32.031,74.2473
11263000,21.0399,2.13605,31.9883,74.2489
11268000,15.8842,2.13605,32.0016,74.2626
11273000,19.2026,2.13605,31.9883,74.2489
11278000,19.2026,2.13605,32.0016,74.2855
11335000,15.8842,2.13605,31.7479,76.0067
11340000,18.0425,2.38679,31.7479,75.6466
11345000,19.2026,2.13605,31.804,75.3765
11350000,18.0425,2.25617,31.804,75.1751
11355000,18.0425,2.25617,31.8467,75.0607
11360000,19.2026,2.13605,31.8601,74.9172
11365000,19.2026,2.13605,31.8761,74.8898
11370000,18.0425,2.13605,31.8894,74.7982
11375000,19.2026,2.02533,31.8601,74.757
11380000,19.2026,2.13605,31.8467,74.7341
11385000,18.0425,2.13605,31.8601,74.7463
11391000,18.0425,2.25617,31.8334,74.7326
11396000,19.2026,2.13605,31.8761,74.7616
11401000,19.2026,2.25617,31.8601,74.7463
11406000,18.0425,2.68477,31.8894,74.6822
11411000,21.0399,2.02533,31.9162,74.6654
11416000,18.0425,2.38679,31.9162,74.6044
11421000,18.0425,4.20369,31.9322,74.6273
11431000,18.0425,2.38679,31.9028,74.7143
11436000,19.2026,2.13605,31.9162,74.6868
11441000,20.2603,1.89703,31.8894,74.67
11446000,19.2026,2.13605,31.9028,74.609
