t_s,co_ppm,no2_ppm,temp_c,rh_pct
0,11,0.644,30.04,77.93
5,10.6,0.644,30.06,77.96
10,10.2,0.619,30.06,78.05
15,11.9,0.698,30.08,77.96
20,12.4,0.644,30.05,77.93
25,12.4,0.595,30.06,77.86
30,10.6,0.571,30.09,78
35,11.9,0.571,30.07,77.98
40,11,0.644,30.07,77.98
45,12.4,0.527,30.06,78.01
50,12.4,0.619,30.05,78.06
55,11.9,0.644,30.09,77.91
60,14,0.756,30.09,77.97
65,11,0.595,30.08,77.84
70,11,0.644,30.08,78.01
75,13.5,0.852,30.07,77.85
80,11.9,0.698,30.08,77.92
85,12.4,0.644,30.04,77.99
90,11.9,0.67,30.03,78
95,10.6,0.549,30.05,77.88
100,11.5,0.571,30.07,78.01
105,11,0.595,30.1,77.93
110,13.5,0.595,30.08,77.86
115,11.5,0.619,30.08,77.83
120,12.4,0.67,30.04,77.96
125,11.9,0.571,30.07,78
130,11.5,0.527,30.07,77.88
135,12.4,0.619,30.05,77.96
140,10.6,0.619,30.05,77.95
145,12.9,0.507,30.04,77.87
150,11.5,0.619,30.09,77.9
155,11.9,0.67,30.08,77.86
160,11.9,0.67,30.09,77.96
165,11.9,0.67,30.09,77.91
170,11.5,0.619,30.09,77.9
175,10.6,0.619,30.09,77.93
180,10.6,0.619,30.08,77.9
185,11.5,0.619,30.07,77.77
190,10.6,0.67,30.06,77.91
195,13.5,0.595,30.05,77.87
200,11.5,0.571,30.08,77.88
205,11.5,0.619,30.06,77.94
210,11.9,0.571,30.11,77.87
215,15.8,0.698,30.08,78
220,20.1,0.887,30.07,77.84
225,20.9,0.756,30.04,78.01
230,21.8,0.787,30.1,77.81
235,25.5,0.961,30.06,77.88
240,30,0.887,30.06,77.9
245,27.7,1,30.05,77.91
250,27.7,1.041,30.07,77.88
255,28.8,1,30.08,77.88
260,27.7,1.083,30.13,77.83
265,30,1,30.06,77.9
270,28.8,0.852,30.09,77.81
275,30,0.852,30.08,77.88
280,31.2,1,30.13,77.85
285,31.2,1.083,30.11,77.87
290,31.2,1,30.09,77.89
295,30,0.961,30.09,77.88
300,28.8,0.961,30.07,77.85
305,30,1,30.07,77.82
310,30,1.041,30.07,77.85
315,31.2,1.083,30.12,77.84
320,28.8,1,30.11,77.9
325,28.8,1.083,30.09,77.88
330,30,1.041,30.07,77.75
335,32.5,0.961,30.08,77.88
340,31.2,0.787,30.11,77.83
345,31.2,1.041,30.1,77.93
350,32.5,1,30.1,77.77
355,31.2,1.083,30.09,77.92
360,32.5,1.083,30.11,77.86
365,31.2,1.041,30.08,77.77
370,30,1.041,30.1,77.75
375,28.8,1.041,30.07,77.82
380,28.8,1,30.11,77.95
385,27.7,1,30.11,77.84
390,26.6,0.819,30.11,77.92
395,24.5,0.923,30.12,77.83
400,23.6,0.887,30.07,77.79
405,22.6,0.852,30.12,77.8
410,21.8,0.887,30.07,77.83
415,nan,0.726,30.1,77.91
420,nan,0.756,30.07,77.79
425,nan,0.819,30.08,77.82
430,nan,0.756,30.07,77.8
435,nan,0.67,30.12,77.81
440,nan,0.619,30.13,77.81
445,nan,0.756,30.11,77.85
450,nan,0.887,30.06,77.9
455,17.8,0.726,30.13,77.74
460,15.8,0.819,30.1,77.82
465,16.4,0.726,30.13,77.92
470,17.8,0.756,30.14,77.84
475,17.1,0.726,30.12,77.82
480,15.8,0.726,30.1,77.9
485,15.8,0.787,30.11,77.87
490,15.2,0.67,30.12,77.81
495,14,0.756,30.11,77.72
500,15.8,0.756,30.16,77.89
505,15.8,0.698,30.11,77.82
510,15.2,0.698,30.09,77.81
515,15.2,0.549,30.13,77.74
520,14.6,0.698,30.09,77.84
525,15.2,0.819,30.11,77.8
530,12.9,0.595,30.12,77.75
535,14.6,0.726,30.13,77.75
540,14,0.595,30.05,77.76
545,16.4,0.698,30.13,80.5
550,15.8,0.67,30.1,82.58
555,16.4,0.698,30.14,84.19
560,16.4,0.571,30.1,85.49
565,15.8,0.619,30.13,86.5
570,15.2,0.595,30.11,87.33
575,15.2,0.549,30.07,87.9
580,16.4,0.698,30.16,88.31
585,13.5,0.619,30.11,88.68
590,17.1,0.595,30.14,89.04
595,15.8,0.619,30.11,89.21
600,15.2,0.527,30.13,89.47
605,16.4,0.787,30.09,89.54
610,15.8,0.698,30.13,89.6
615,15.8,0.67,30.13,89.69
620,17.1,0.571,30.13,89.75
625,16.4,0.619,30.14,89.87
630,17.1,0.619,30.11,89.86
635,19.3,0.726,30.15,89.96
640,17.8,0.67,30.13,89.9
645,17.1,0.644,30.13,89.95
650,14.6,0.527,30.12,89.95
655,15.8,0.571,30.12,89.99
660,17.8,0.644,30.12,90.01
665,14.6,0.595,30.15,90
670,17.1,0.595,30.15,89.97
675,17.1,0.726,30.14,89.91
680,16.4,0.468,30.12,89.51
685,17.1,0.644,30.1,88.82
690,16.4,0.527,30.11,88.37
695,15.8,0.571,30.15,87.99
700,15.8,0.698,30.12,87.51
705,15.2,0.756,30.14,87.01
710,15.8,0.549,30.16,86.62
715,14.6,0.549,30.14,86.29
720,14.6,0.619,30.12,85.87
725,15.2,0.619,30.11,85.56
730,15.8,0.67,30.12,85.17
735,14.6,0.619,30.13,84.79
740,14,0.644,30.12,84.53
745,15.8,0.644,30.14,84.22
750,14,0.527,30.15,83.88
755,14.6,0.67,30.12,83.64
760,14.6,0.67,30.14,83.26
765,13.5,0.698,30.13,83.14
770,13.5,0.726,30.16,82.87
775,14,0.67,30.16,82.58
780,15.2,0.67,30.16,82.43
785,15.8,0.549,30.12,82.15
790,14.6,0.756,30.16,81.94
795,14.6,0.595,30.12,81.83
800,14,0.619,30.17,81.65
805,14,0.619,30.14,81.42
810,14,0.549,30.16,81.36
815,14,0.698,30.15,81.15
820,14,0.507,30.14,80.93
825,11.9,0.698,30.09,80.72
830,13.5,0.527,30.13,80.65
835,11.9,0.726,30.15,80.63
840,11.9,0.619,30.14,80.37
845,14,0.644,30.17,80.32
850,15.2,0.644,30.17,80.14
855,14.6,0.619,30.18,79.99
860,13.5,0.698,30.13,79.92
865,14,0.619,30.18,79.88
870,12.9,0.644,30.16,79.76
875,14,0.549,30.11,79.68
880,14,0.644,30.17,79.61
885,13.5,0.644,30.14,79.47
890,15.2,0.595,30.13,79.3
895,13.5,0.507,30.15,79.27
900,14,0.726,30.14,79.2
905,14,0.595,30.15,79.19
910,13.5,0.67,30.13,79.14
915,12.9,0.726,30.19,79.09
920,12.9,0.619,30.16,78.98
925,11.9,0.619,30.14,78.98
930,14,0.595,30.15,78.86
935,12.9,0.619,30.15,78.8
940,14,0.549,30.14,78.72
945,13.5,0.644,30.13,78.68
950,12.9,0.67,30.14,78.68
955,11.9,0.595,30.19,78.62
960,12.4,0.67,30.17,78.61
965,14,0.619,30.1,78.53
970,11.9,0.67,30.18,78.47
975,12.4,0.619,30.16,78.47
980,13.5,0.571,30.18,78.44
985,13.5,0.619,30.15,78.4
990,13.5,0.619,30.16,78.36
995,15.8,0.787,30.1,78.38
1000,13.5,0.726,30.14,78.21
1005,12.4,0.549,30.15,78.19
1010,12.9,0.756,30.13,78.2
1015,14,0.644,30.13,78.22
1020,14,0.67,30.14,78.17
1025,11,0.549,30.17,78.19
1030,14,0.571,30.13,78.11
1035,12.4,0.644,30.14,78.04
1040,14.6,0.67,30.16,78.1
1045,12.9,0.549,30.16,78.13
1050,12.4,0.644,30.14,77.9
1055,13.5,0.644,30.1,77.85
1060,11,0.619,30.16,77.98
1065,12.9,0.595,30.15,77.9
1070,12.4,0.571,30.14,77.94
1075,12.9,0.595,30.15,77.91
1080,13.5,0.619,30.16,77.86
1085,12.4,0.67,30.14,77.89
1090,12.9,0.549,30.09,77.94
1095,13.5,0.549,30.16,77.89
1100,12.9,0.67,30.15,77.81
1105,12.4,0.698,30.12,77.8
1110,12.4,0.67,30.13,77.84
1115,13.5,0.726,30.11,77.78
1120,12.4,0.644,30.12,77.83
1125,13.5,0.527,30.13,77.77
1130,14,0.644,30.13,77.8
1135,11.9,0.67,30.14,77.77
1140,13.5,0.549,30.15,77.79
1145,12.4,0.619,30.1,77.81
1150,11,0.698,30.11,77.75
1155,11.9,0.67,30.12,77.76
1160,12.4,0.67,30.09,77.73
1165,12.9,0.67,30.11,77.73
1170,11.9,0.67,30.14,77.64
1175,12.9,0.644,30.15,77.73
1180,13.5,0.698,30.1,77.69
1185,12.4,0.549,30.15,77.66
1190,14,0.698,30.08,77.71
1195,11.5,0.571,30.15,77.65
1200,12.4,0.487,30.11,77.65
1205,12.9,0.67,30.12,77.68
1210,11.9,0.619,30.11,77.64
1215,12.9,0.619,30.14,77.65
1220,12.4,0.698,30.11,77.66
1225,12.9,0.619,30.1,77.69
1230,10.6,0.507,30.11,77.68
1235,14,0.644,30.15,77.68
1240,12.4,0.595,30.11,77.75
1245,12.9,0.67,30.14,77.58
1250,12.9,0.595,30.1,77.72
1255,11,0.698,30.11,77.63
1260,10.6,0.595,30.16,77.6
1265,11.5,0.619,30.08,77.62
1270,12.9,0.698,30.13,77.63
1275,13.5,0.698,30.11,77.61
1280,12.4,0.787,30.08,77.69
1285,11.5,0.67,30.11,77.61
1290,11.9,0.487,30.12,77.57
1295,11.9,0.549,30.08,77.57
1300,12.9,0.595,30.09,77.64
1305,12.9,0.67,30.13,77.57
1310,11.5,0.527,30.13,77.59
1315,13.5,0.571,30.11,77.54
1320,13.5,0.619,30.07,77.59
1325,14,0.527,30.11,77.58
1330,11.9,0.549,30.08,77.56
1335,12.9,0.644,30.09,77.64
1340,11,0.644,30.1,77.51
1345,11.5,0.644,30.1,77.57
1350,12.9,0.644,30.05,77.48
1355,11.9,0.571,30.08,77.52
1360,11,0.67,30.06,77.46
1365,13.5,0.698,30.08,77.56
1370,11.9,0.571,30.08,77.49
1375,11.9,0.595,30.06,77.45
1380,13.5,0.619,30.06,77.45
1385,10.6,0.595,30.09,77.59
1390,12.4,0.67,30.11,77.56
1395,10.2,0.67,30.11,77.51
1400,11,0.595,30.08,77.56
1405,12.4,0.549,30.11,77.48
1410,12.9,0.571,30.08,77.48
1415,11.9,0.595,30.06,77.59
1420,11,0.619,30.08,77.45
1425,13.5,0.507,30.07,77.46
1430,12.9,0.595,30.1,77.39
1435,12.9,0.549,30.02,77.46
1440,11.5,0.549,30.06,77.47
1445,11.5,0.619,30.07,77.53
1450,10.2,0.644,30.1,77.44
1455,11.5,0.595,30.06,77.38
1460,11.5,0.571,30.07,77.56
1465,12.4,0.595,30.05,77.42
1470,11.5,0.571,30.04,77.45
1475,9,0.619,30.07,77.57
1480,11.9,0.549,30.06,77.49
1485,11.5,0.571,30.11,77.44
1490,12.4,0.571,30.07,77.44
1495,11.9,0.595,30.07,77.45
1500,11.9,0.595,30.1,77.43
1505,13.5,0.571,30.05,77.49
1510,13.5,0.507,30.06,77.46
1515,11,0.644,30.09,77.48
1520,12.4,0.619,30.06,77.46
1525,11.5,0.644,30.09,77.47
1530,11.9,0.595,30.06,77.46
1535,10.6,0.449,30.06,77.46
1540,11.5,0.644,30.09,77.44
1545,12.4,0.527,30.04,77.4
1550,11.5,0.487,30.07,77.41
1555,11,0.468,30.03,77.42
1560,11.9,0.571,30.05,77.4
1565,11,0.571,30.06,77.41
1570,13.5,0.644,30.08,77.54
1575,11.9,0.619,30.06,77.54
1580,11.9,0.619,30.12,77.41
1585,11.5,0.67,30.09,77.44
1590,11,0.595,30.05,77.41
1595,11.5,0.644,30.09,77.45
1600,11.9,0.595,30.05,77.41
1605,11,0.67,30.04,77.39
1610,11.9,0.549,30.05,77.38
1615,11,0.595,30.06,77.38
1620,11.5,0.595,30.05,77.38
1625,12.9,0.619,30.06,77.39
1630,12.4,0.619,30.04,77.39
1635,10.2,0.487,30.01,77.44
1640,11,0.507,30.04,77.35
1645,9.8,0.595,30.06,77.38
1650,12.4,0.619,30.08,77.43
1655,11.9,0.619,30.07,77.38
1660,12.4,0.619,30.02,77.38
1665,12.4,0.571,30.02,77.36
1670,11,0.644,30.07,77.41
1675,11,0.644,30.04,77.43
1680,9,0.571,30.01,77.33
1685,12.9,0.67,30.05,77.46
1690,11,0.487,30.04,77.35
1695,10.2,0.571,30.03,77.44
1700,10.6,0.595,30.03,77.35
1705,9.4,0.468,30.05,77.39
1710,11.9,0.595,30.02,77.35
1715,11.9,0.595,30.08,77.34
1720,11,0.487,30.04,77.39
1725,11.9,0.698,30.05,77.46
1730,12.4,0.67,30,77.35
1735,10.6,0.571,30.03,77.4
1740,11,0.619,30.07,77.42
1745,10.6,0.571,30.02,77.24
1750,11.5,0.468,30.06,77.29
1755,11,0.487,30.01,77.4
1760,11.5,0.595,30.05,77.47
1765,11.9,0.595,30.01,77.41
1770,11.5,0.507,30,77.47
1775,10.6,0.595,30.03,77.49
1780,11,0.67,30.08,77.5
1785,10.6,0.549,30.04,77.61
1790,11.9,0.698,30,77.46
1795,10.2,0.487,30.04,77.62
1800,11,0.549,30.07,77.63
1805,9.8,0.644,30.05,77.67
1810,11,0.619,30.03,77.68
1815,10.6,0.549,30.03,77.63
1820,11.9,0.595,30.05,77.84
1825,9.8,0.507,30.04,77.89
1830,10.6,0.698,30.02,77.98
1835,10.6,0.644,30,78.03
1840,10.2,0.698,30,77.91
1845,11,0.571,30.04,78.13
1850,11.9,0.756,30.03,78.21
1855,11.9,0.67,30.03,78.2
1860,11.9,0.756,30.07,78.21
1865,12.4,0.726,30.03,78.3
1870,12.4,0.595,30.05,78.22
1875,12.4,0.726,29.98,78.46
1880,11.9,0.756,29.98,78.31
1885,11.5,0.67,30.06,78.44
1890,11.9,0.787,30.05,78.54
1895,11.5,0.819,30.04,78.54
1900,9.8,0.726,30.04,78.6
1905,11.5,0.726,30.02,78.76
1910,11.9,0.756,30.05,78.62
1915,10.6,0.852,30.02,78.78
1920,11.9,0.923,30.03,78.86
1925,11.5,0.787,30.05,78.87
1930,9.4,0.961,30.02,79
1935,10.2,0.923,30.06,79.02
1940,10.2,0.961,30.06,79
1945,11,0.961,30.01,79.1
1950,11.5,0.961,30.04,79.16
1955,12.4,0.961,29.99,79.22
1960,11.9,1.128,30.04,79.2
1965,11.5,1,30.03,79.21
1970,11,1,30.07,79.28
1975,11,0.852,30.02,79.4
1980,11,1.128,30.04,79.36
1985,9,1.083,30.02,79.45
1990,11.5,1.041,30.03,79.42
1995,9.8,1.083,30.05,79.58
2000,10.2,1.174,30.06,79.58
2005,9.4,1.041,30.04,79.68
2010,10.6,1.128,30.03,79.71
2015,9.8,1.174,30.03,79.66
2020,11.9,1.221,30.04,79.73
2025,11,1.128,30.06,79.8
2030,10.6,1.128,30.04,79.88
2035,9.4,1.221,30.06,79.8
2040,11.5,1.271,30.06,79.95
2045,11,1.377,30.05,79.99
2050,10.2,1.377,30.02,79.99
2055,9.8,1.323,30.06,80.02
2060,11,1.377,30.07,80.15
2065,10.2,1.433,30.09,80.16
2070,11,1.271,30.07,80.16
2075,10.2,1.377,30.04,80.2
2080,10.6,1.377,30.03,80.3
2085,10.2,1.433,30.04,80.3
2090,11.5,1.271,30.05,80.33
2095,11.5,1.433,30.03,80.42
2100,10.6,1.433,30.03,80.35
2105,9.8,1.553,30.08,80.51
2110,10.6,1.433,30.08,80.55
2115,8.7,1.553,30.05,80.48
2120,9.4,1.553,30.03,80.62
2125,10.2,1.553,30.04,80.61
2130,11.5,1.492,30.03,80.6
2135,11.9,1.616,30.04,80.62
2140,11,1.553,30.06,80.74
2145,9.8,1.751,30.05,80.73
2150,11,1.616,30.08,80.81
2155,10.2,1.682,30.04,80.86
2160,9.8,1.751,30.08,80.93
2165,11.5,1.682,30.05,80.94
2170,11.5,1.616,30.01,80.9
2175,11.9,1.751,30.05,80.9
2180,10.6,1.896,30.08,81.03
2185,11,1.751,30.02,81
2190,11.5,1.682,30.03,81.16
2195,11,1.822,30.06,81.12
2200,10.2,1.822,30.02,81.18
2205,11,1.751,30.06,81.18
2210,10.2,1.896,30.06,81.19
2215,8.7,1.974,30.03,81.15
2220,11.9,1.822,30.07,81.21
2225,10.2,1.751,30,81.23
2230,10.2,1.974,30.05,81.28
2235,9,1.974,30.05,81.41
2240,9.8,1.974,30.01,81.37
2245,10.2,2.054,30.01,81.38
2250,11.9,1.974,30.04,81.42
2255,11.9,2.054,30.02,81.55
2260,11,2.054,30.05,81.47
2265,11,2.138,30.06,81.53
2270,11.5,1.974,30.02,81.64
2275,10.2,2.054,30.03,81.66
2280,9,1.974,30.02,81.58
2285,11,2.138,30.08,81.71
2290,11.9,2.226,30.06,81.63
2295,10.2,2.226,30.08,81.61
2300,9.4,2.138,30.05,81.64
2305,10.6,2.054,30.05,81.67
2310,9,2.226,30.03,81.78
2315,9.8,2.054,30.07,81.78
2320,11.9,2.226,30.05,81.79
2325,9.4,2.054,30.07,81.81
2330,9.4,2.316,30.06,81.96
2335,11.5,2.316,30.06,81.82
2340,9.4,2.226,30.04,81.83
2345,9.4,2.226,30.09,81.9
2350,9.8,2.316,30.06,81.92
2355,10.2,2.316,30.04,81.97
2360,9.8,2.509,30.08,82.09
2365,10.6,2.509,30.07,82.07
2370,10.6,2.316,30.09,82.02
2375,9.4,2.411,30.08,82.1
2380,10.6,2.509,30.04,82.08
2385,10.6,2.509,30.07,82.14
2390,10.6,2.411,30.06,82.09
2395,9.4,2.612,30.06,82.15
2400,9,2.612,30.03,82.18
2405,9,2.718,30.05,82.24
2410,9.8,2.316,30.05,82.28
2415,10.6,2.509,30.06,82.26
2420,11.5,2.612,30.03,82.22
2425,9.8,2.509,30.09,82.32
2430,9.4,2.612,30.08,82.34
2435,9.8,2.411,30.08,82.41
2440,10.6,2.509,30.06,82.38
2445,11,2.509,30.03,82.34
2450,9.8,2.718,30.02,82.43
2455,10.2,2.411,30.06,82.39
2460,9.4,2.612,30.06,82.5
2465,10.6,2.612,30.05,82.43
2470,9.4,2.829,30.06,82.48
2475,10.6,2.829,30.06,82.44
2480,9.4,2.829,30.05,82.56
2485,10.6,2.829,30.07,82.58
2490,9.8,2.612,30.04,82.53
2495,11.5,2.829,30.09,82.6
2500,10.6,2.829,30.08,82.48
2505,10.2,2.829,30.06,82.59
2510,10.2,2.718,30.06,82.63
2515,10.2,2.945,30.06,82.65
2520,10.2,2.718,30.09,82.59
2525,9,2.945,30.11,82.75
2530,9.8,2.718,30.05,82.71
2535,9.8,2.945,30.07,82.68
2540,10.2,2.945,30.07,82.78
2545,10.6,2.829,30.08,82.71
2550,11.5,3.065,30.1,82.69
2555,10.6,2.945,30.12,82.83
2560,9.4,3.065,30.05,82.79
2565,11.5,2.945,30.02,82.85
2570,8.7,2.829,30.05,82.87
2575,8.7,2.829,30.04,82.81
2580,11,2.945,30.11,82.92
2585,9.8,3.19,30.08,82.82
2590,11.5,3.065,30.1,82.89
2595,10.2,2.829,30.1,82.94
2600,9.8,3.065,30.07,82.95
2605,9.4,2.945,30.06,83.04
2610,9.4,2.945,30.05,82.95
2615,9.4,3.32,30.09,83
2620,8,3.19,30.06,83.04
2625,9.8,3.19,30.08,83.08
2630,9.8,3.32,30.1,82.96
2635,10.6,3.32,30.05,83.09
2640,9.8,3.32,30.09,83.07
2645,10.6,3.32,30.05,83.06
2650,8.3,3.32,30.08,83.1
2655,9.4,3.065,30.07,83.07
2660,9.4,3.19,30.1,83.13
2665,9.4,3.597,30.06,83.12
2670,9,3.456,30.08,83.06
2675,9.8,3.456,30.1,83.14
2680,10.2,3.19,30.1,83.18
2685,9.8,3.32,30.05,83.21
2690,8.7,3.456,30.07,83.23
2695,9,3.456,30.06,83.13
2700,9.8,3.19,30.1,83.18
2705,8.7,3.456,30.05,83.3
2710,9.4,3.456,30.07,83.18
2715,9.8,3.597,30.12,83.3
2720,9.8,3.597,30.08,83.33
2725,11,3.456,30.04,83.25
2730,9.8,3.743,30.09,83.36
2735,8.7,3.456,30.07,83.45
2740,9.8,3.597,30.08,83.27
2745,8.7,3.456,30.08,83.36
2750,9,3.896,30.08,83.34
2755,8.7,3.597,30.09,83.4
2760,11.5,3.456,30.06,83.37
2765,9.4,4.055,30.09,83.41
2770,9.8,3.597,30.07,83.42
2775,9,3.597,30.07,83.3
2780,8.7,3.743,30.08,83.43
2785,9,3.456,30.09,83.47
2790,9.8,3.896,30.12,83.37
2795,9.4,3.743,30.08,83.34
2800,9.4,3.456,30.1,83.48
2805,9.4,3.743,30.06,83.47
2810,8.3,3.743,30.09,83.49
2815,9.4,3.743,30.08,83.54
2820,9.8,3.896,30.05,83.51
2825,8.3,3.896,30.07,83.48
2830,11,3.743,30.08,83.4
2835,11,3.743,30.08,83.5
2840,10.2,3.896,30.11,83.54
2845,9,3.743,30.09,83.57
2850,9.4,3.597,30.06,83.5
2855,7.7,4.055,30.09,83.47
2860,9,3.896,30.07,83.62
2865,9.8,4.055,30.04,83.55
2870,8.7,4.055,30.09,83.56
2875,9.4,3.743,30.08,83.63
2880,10.6,4.055,30.11,83.64
2885,9.4,3.896,30.09,83.61
2890,9.8,4.055,30.08,83.58
2895,8.7,4.055,30.12,83.68
2900,9.8,3.896,30.07,83.67
2905,9.8,3.896,30.09,83.62
2910,10.2,4.221,30.12,83.68
2915,7.7,4.221,30.08,83.72
2920,9.4,4.221,30.11,83.68
2925,9.4,3.896,30.1,83.67
2930,9.8,4.055,30.11,83.6
2935,8.7,4.221,30.11,83.64
2940,9.8,3.896,30.08,83.7
2945,10.6,4.055,30.08,83.84
2950,9.4,4.055,30.03,83.74
2955,nan,nan,nan,nan
2960,nan,nan,nan,nan
2965,nan,nan,nan,nan
2970,nan,nan,nan,nan
2975,nan,nan,nan,nan
2980,nan,nan,nan,nan
2985,nan,nan,nan,nan
2990,nan,nan,nan,nan
2995,nan,nan,nan,nan
3000,nan,nan,nan,nan
3005,nan,nan,nan,nan
3010,nan,nan,nan,nan
3015,nan,nan,nan,nan
3020,nan,nan,nan,nan
3025,nan,nan,nan,nan
3030,nan,nan,nan,nan
3035,nan,nan,nan,nan
3040,nan,nan,nan,nan
3045,nan,nan,nan,nan
3050,nan,nan,nan,nan
3055,nan,nan,nan,nan
3060,nan,nan,nan,nan
3065,nan,nan,nan,nan
3070,nan,nan,nan,nan
3075,nan,nan,nan,nan
3080,1692,9.657,30.09,83.86
3085,1519,9.088,30.11,83.91
3090,1364,9.102,30.09,83.9
3095,1225,8.783,30.08,83.92
3100,1099,8.689,30.07,83.8
3105,988.4,7.696,30.07,84.01
3110,889,7.811,30.08,83.93
3115,799.1,7.596,30.11,83.93
3120,717.7,7.222,30.13,83.93
3125,644.1,7.41,30.09,83.82
3130,581.4,7.249,30.11,83.96
3135,521.7,7.102,30.09,83.99
3140,469.6,6.968,30.13,84.01
3145,422.4,6.845,30.1,84.09
3150,381.9,6.733,30.1,84.01
3155,343.9,6.631,30.1,83.98
3160,310.9,6.537,30.13,83.91
3165,279.8,6.45,30.08,84
3170,252.2,6.371,30.11,83.97
3175,226.5,6.111,30.12,84.03
3180,206.3,6.424,30.13,84
3185,187,6.362,30.09,84.03
3190,168.3,6.506,30.12,84.08
3195,152.8,6.25,30.1,84.02
3200,137.3,6.006,30.11,84.02
3205,126.3,6.154,30.08,84.04
3210,114.8,6.111,30.1,84.07
3215,103.8,5.876,30.11,83.98
3220,94.6,5.838,30.09,84.03
3225,86.7,5.802,30.12,84.09
3230,77.6,6.165,30.13,83.96
3235,73.7,5.737,30.1,84.06
3240,66.6,5.901,30.08,84.07
3245,61.9,5.873,30.12,84.02
3250,55.6,5.846,30.13,84.06
3255,53.1,6.023,30.07,84.01
3260,47.3,5.999,30.11,84.03
3265,44.2,5.774,30.1,84.08
3270,41.7,5.558,30.13,83.99
3275,37.8,5.537,30.1,84.08
3280,34.6,6.342,30.11,84.11
3285,32.6,5.691,30.09,84.07
3290,31.9,5.875,30.12,83.96
3295,28.3,6.287,30.1,84.2
3300,28.7,6.051,30.12,84.07
3305,25.7,6.253,30.13,84.13
3310,25.4,5.808,30.08,84.14
3315,23.8,5.59,30.1,84.01
3320,20.2,5.778,30.12,83.97
3325,22,5.974,30.13,84.05
3330,20.4,5.96,30.13,84.09
3335,18.6,5.736,30.12,84.08
3340,18.8,5.521,30.11,84.13
3345,19.2,5.921,30.07,84.15
3350,16.8,5.908,30.07,84.21
3355,18,5.896,30.1,84.12
3360,15.8,5.674,30.14,84.17
3365,15.6,6.092,30.1,84.11
3370,17.9,5.652,30.11,84.06
3375,15.5,5.852,30.08,84.21
3380,15.9,6.06,30.15,84.09
3385,16,5.621,30.13,84.15
3390,14.2,5.611,30.14,84.04
3395,13.5,6.258,30.11,84.07
3400,14.4,6.249,30.14,84.15
3405,12.1,5.792,30.11,84.11
3410,13.5,6.002,30.13,84.06
3415,14.1,5.994,30.12,84.21
3420,12.2,5.985,30.11,84.07
3425,13,5.758,30.1,84.14
3430,11.8,5.968,30.11,84.17
3435,12.3,5.741,30.09,84.16
3440,12.9,5.952,30.14,84.19
3445,12.1,5.945,30.13,84.18
3450,10.7,5.937,30.13,84.15
3455,11.5,6.158,30.14,84.21
3460,12.9,5.923,30.1,84.2
3465,11.7,5.916,30.11,84.16
3470,13.5,6.137,30.15,84.12
3475,11.1,5.902,30.08,84.28
3480,11.4,6.123,30.1,84.17
3485,11,5.889,30.14,84.15
3490,10,5.883,30.13,84.28
3495,11.9,5.876,30.1,84.17
3500,11.1,5.87,30.06,84.13
3505,9.8,6.092,30.11,84.12
3510,11.3,5.859,30.1,84.1
3515,10.9,6.081,30.11,84.19
3520,9.3,6.075,30.15,84.2
3525,9.5,5.842,30.12,84.18
3530,10.4,6.302,30.12,84.28
3535,11.4,6.059,30.15,84.25
3540,10.7,6.054,30.12,84.19
3545,9.9,6.049,30.12,84.09
3550,9.6,6.044,30.12,84.14
3555,8.1,6.04,30.12,84.24
3560,10.8,6.272,30.13,84.18
3565,9.5,6.03,30.11,84.16
3570,9.1,6.026,30.1,84.15
3575,10.7,6.021,30.11,84.18
3580,9.3,6.254,30.13,84.23
3585,9.6,6.25,30.15,84.22
3590,9.6,6.493,30.15,84.29
3595,10.2,6.242,30.17,84.17
3600,7.8,6.485,30.12,84.2
3605,8.3,6.234,30.13,84.2
3610,9.4,6.23,30.13,84.22
3615,9.7,6.73,30.14,84.19
3620,9.7,6.223,30.14,84.23
3625,8.7,6.466,30.13,84.2
3630,9,5.979,30.18,84.16
3635,9.6,6.212,30.13,84.11
3640,9.6,6.209,30.09,84.16
3645,9.9,6.71,30.14,84.25
3650,9.5,5.965,30.15,84.15
3655,10.2,6.446,30.13,84.09
3660,10.6,6.443,30.15,84.16
3665,9.1,6.44,30.16,84.22
3670,10.1,6.437,30.17,84.2
3675,8.8,6.434,30.13,84.26
3680,7.6,6.184,30.15,84.27
3685,10.4,6.686,30.15,84.2
3690,9,6.426,30.15,84.25
3695,10.4,6.68,30.11,84.26
3700,8.1,6.421,30.12,84.25
3705,8.3,6.675,30.14,84.26
3710,9.3,6.416,30.14,84.24
3715,8,6.413,30.11,84.18
3720,7.2,6.411,30.13,84.22
3725,10.3,6.408,30.13,84.26
3730,8.9,6.406,30.16,84.24
3735,8.2,6.404,30.15,84.2
3740,9.5,6.402,30.14,84.23
3745,10.2,6.656,30.13,84.21
3750,8.8,6.15,30.1,84.18
3755,8.8,6.395,30.12,84.17
3760,9.4,6.393,30.12,84.24
3765,8.8,6.648,30.1,84.31
3770,7.8,6.389,30.16,84.19
3775,9.4,6.644,30.14,84.27
3780,10.5,6.642,30.15,84.21
3785,9,6.384,30.15,84.21
3790,7.8,6.639,30.12,84.26
3795,10.1,6.637,30.15,84.19
3800,10.8,6.635,30.13,84.26
3805,10,6.634,30.15,84.25
3810,8.3,6.375,30.13,84.24
3815,8.6,6.63,30.13,84.21
3820,7.4,6.629,30.14,84.07
3825,10.8,6.895,30.16,84.35
3830,8.3,6.626,30.13,84.21
3835,9.2,6.367,30.12,84.19
3840,8.9,6.623,30.14,84.23
3845,9.9,6.621,30.13,84.19
3850,7.9,6.363,30.17,84.27
3855,7.9,6.886,30.14,84.14
3860,7.9,6.885,30.16,84.28
3865,8.8,6.616,30.14,84.22
3870,10.7,6.882,30.12,84.2
3875,7.3,7.159,30.16,84.27
3880,9.5,6.88,30.14,84.22
3885,8.5,7.157,30.16,84.28
3890,8.1,6.877,30.12,84.27
3895,7.5,7.154,30.13,84.17
3900,8.8,6.875,30.16,84.21
3905,9.1,6.874,30.13,84.28
3910,7.5,6.101,30.12,84.21
3915,9.4,6.872,30.14,84.26
3920,8.1,7.149,30.14,84.24
3925,7.2,7.148,30.13,84.35
3930,8.4,6.869,30.15,84.25
3935,8.1,7.436,30.13,84.24
3940,7.7,6.867,30.13,84.25
3945,8.4,6.866,30.11,84.19
3950,6.4,6.865,30.13,84.22
3955,7.7,6.339,30.12,84.17
3960,6.6,6.863,30.13,84.22
3965,9,6.862,30.15,84.13
3970,9.7,6.861,30.13,84.15
3975,8,6.86,30.14,84.09
3980,7.1,7.138,30.18,84.26
3985,9.3,6.859,30.16,84.21
3990,10.1,6.858,30.18,84.09
3995,8.6,6.59,30.12,84.28
4000,8.3,6.589,30.15,84.19
4005,8,6.856,30.11,84.22
4010,7.7,7.423,30.15,84.22
4015,6.8,6.854,30.14,84.19
4020,8.3,7.132,30.14,84.17
4025,6.5,6.853,30.11,84.27
4030,6.8,7.131,30.14,84.28
4035,8.6,7.13,30.12,84.14
4040,6.8,7.129,30.16,84.18
4045,7.3,7.129,30.14,84.22
4050,7,7.128,30.14,84.22
4055,8.6,6.582,30.19,84.21
4060,8.5,7.127,30.15,84.19
4065,7.9,7.126,30.15,84.23
4070,6.8,7.416,30.16,84.2
4075,8.2,7.415,30.17,84.2
4080,9.2,7.415,30.14,84.24
4085,7.3,7.414,30.15,84.17
4090,7.9,7.124,30.15,84.28
4095,7.6,7.123,30.16,84.16
4100,7.6,7.123,30.13,84.13
4105,7.9,7.412,30.14,84.22
4110,9.6,7.412,30.17,84.22
4115,7.6,7.411,30.15,84.23
4120,8.8,7.411,30.16,84.2
4125,8.5,7.712,30.16,84.14
4130,7.6,7.711,30.16,84.15
4135,8.8,7.711,30.17,84.22
4140,9.5,7.71,30.16,84.22
4145,8.8,7.408,30.15,84.15
4150,7.8,7.408,30.12,84.17
4155,9.2,7.408,30.18,84.2
4160,8.8,7.709,30.2,84.14
4165,9.2,7.708,30.15,84.06
4170,7.8,7.117,30.18,84.06
4175,7.5,7.406,30.16,83.91
4180,7.2,7.707,30.14,83.89
4185,7.5,7.116,30.14,83.86
4190,8.1,7.707,30.17,83.81
4195,8.5,6.837,30.12,83.73
4200,6.7,7.404,30.17,83.61
4205,5.7,7.706,30.17,83.57
4210,6.7,7.404,30.14,83.53
4215,7.2,7.404,30.12,83.49
4220,6.4,7.403,30.15,83.32
4225,7.8,7.403,30.11,83.38
4230,9.9,7.403,30.13,83.24
4235,8.1,7.402,30.14,83.24
4240,9.5,8.018,30.14,83.18
4245,7.5,7.703,30.15,83.1
4250,6.9,7.402,30.15,83.09
4255,7.2,7.401,30.15,83.08
4260,8.4,7.703,30.11,82.91
4265,7.2,7.401,30.15,82.73
4270,6.4,7.702,30.16,82.89
4275,6.4,7.702,30.15,82.74
4280,8.1,7.4,30.18,82.66
4285,6.4,8.015,30.14,82.71
4290,7.8,7.11,30.14,82.62
4295,5.7,7.399,30.16,82.52
4300,6.1,7.11,30.14,82.45
4305,6.9,7.399,30.14,82.41
4310,6.4,7.109,30.12,82.35
4315,6.1,7.399,30.15,82.33
4320,6.6,7.7,30.12,82.26
4325,7.5,7.398,30.14,82.26
4330,7.5,7.7,30.11,82.14
4335,7.5,7.398,30.13,82.09
4340,7.8,7.398,30.1,82.01
4345,7.5,7.699,30.13,82.05
4350,6.9,7.108,30.18,81.94
4355,7.2,7.107,30.12,81.96
4360,6.4,6.829,30.1,81.87
4365,7.8,7.107,30.16,81.84
4370,7.2,7.397,30.16,81.81
4375,7.2,7.107,30.13,81.75
4380,8.1,7.107,30.17,81.69
4385,8.7,7.396,30.12,81.63
4390,7.7,7.698,30.12,81.63
4395,6.9,7.396,30.14,81.56
4400,5.9,7.106,30.13,81.51
4405,6.9,7.106,30.12,81.42
4410,7.2,7.106,30.12,81.35
4415,6.3,7.697,30.12,81.27
4420,6.6,7.395,30.1,81.3
4425,8.4,6.827,30.13,81.27
4430,8.1,7.395,30.13,81.29
4435,7.7,7.105,30.1,81.24
4440,6.1,7.395,30.1,81.09
4445,6.3,7.105,30.15,81.12
4450,6.6,7.105,30.12,81.02
4455,8,7.394,30.11,81.05
4460,6.1,7.696,30.13,80.94
4465,5.6,7.104,30.1,80.9
4470,7.7,7.394,30.12,80.84
4475,8,7.394,30.14,80.9
4480,7.7,7.394,30.13,80.8
4485,6.6,6.826,30.12,80.68
4490,7.1,7.394,30.1,80.69
4495,7.1,7.104,30.1,80.56
4500,7.7,7.104,30.1,80.68
4505,7.4,6.825,30.1,80.57
4510,6.3,7.695,30.11,80.49
4515,0,6.825,30.14,80.53
4520,6.1,7.393,30.1,80.52
4525,5.8,7.393,30.12,80.49
4530,8,6.825,30.13,80.42
4535,7.4,6.825,30.12,80.39
4540,8.7,7.103,30.11,80.34
4545,7.4,6.825,30.09,80.31
4550,7.7,6.557,30.1,80.24
4555,7.4,7.103,30.11,80.16
4560,8.7,7.103,30.1,80.12
4565,6.8,7.103,30.13,80.16
4570,6.8,7.103,30.11,80.14
4575,7.4,6.824,30.1,80.08
4580,6.6,6.824,30.15,80.01
4585,6.1,7.102,30.1,80.04
4590,8.4,7.102,30.13,80
4595,6.8,7.392,30.14,79.91
4600,6.1,7.102,30.11,79.82
4605,7.4,7.102,30.1,79.87
4610,8,7.102,30.11,79.81
4615,6.8,6.824,30.1,79.76
4620,6.1,6.824,30.08,79.7
4625,6.8,6.556,30.09,79.62
4630,5.6,6.824,30.1,79.69
4635,6.3,6.823,30.1,79.62
4640,7.4,6.823,30.1,79.6
4645,5.6,6.823,30.1,79.59
4650,6.3,6.823,30.13,79.69
4655,7.4,7.102,30.11,79.51
4660,6.3,6.556,30.1,79.51
4665,8.3,6.823,30.09,79.56
4670,7.4,7.102,30.1,79.43
4675,6.3,6.823,30.12,79.38
4680,6.8,6.823,30.11,79.36
4685,8,7.101,30.12,79.33
4690,6.8,7.391,30.1,79.32
4695,6.8,7.101,30.07,79.33
4700,5.4,6.823,30.09,79.32
4705,6.3,6.823,30.07,79.31
4710,5.8,7.101,30.1,79.23
4715,7.1,7.391,30.07,79.15
4720,6.8,6.823,30.07,79.14
4725,5.8,6.823,30.09,79.08
4730,6.8,6.555,30.09,79.09
4735,7.7,6.823,30.11,79.09
4740,6.3,6.298,30.08,79.02
4745,7.7,6.823,30.07,78.96
4750,6.8,6.555,30.08,78.99
4755,5.6,6.555,30.08,78.94
4760,5.4,6.822,30.06,78.94
4765,6.3,6.555,30.05,78.83
4770,7.1,7.101,30.11,78.86
4775,6.6,6.822,30.1,78.88
4780,6.8,6.822,30.08,78.86
4785,6.3,6.555,30.11,78.81
4790,5.8,6.822,30.08,78.76
4795,5.6,6.298,30.07,78.81
4800,6.8,6.555,30.13,78.63
4805,6.1,6.555,30.1,78.6
4810,7.7,7.101,30.09,78.7
4815,8,6.822,30.1,78.59
4820,6.3,6.555,30.06,78.62
4825,7.4,7.1,30.08,78.57
4830,7.4,6.298,30.09,78.58
4835,5.2,6.822,30.08,78.42
4840,7.1,6.822,30.02,78.52
4845,7.4,6.822,30.09,78.48
4850,6.3,6.822,30.06,78.49
4855,6.3,6.555,30.07,78.46
4860,6.3,6.822,30.06,78.33
4865,7.1,6.554,30.09,78.42
4870,6.1,6.822,30.09,78.32
4875,6.3,6.554,30.04,78.42
4880,5.6,6.297,30.07,78.32
4885,7.1,6.822,30.07,78.34
4890,7.4,6.822,30.07,78.34
4895,7.1,6.554,30.09,78.34
4900,5.8,6.822,30.07,78.23
4905,5.8,6.822,30.05,78.23
4910,5.6,6.554,30.07,78.25
4915,8,6.554,30.12,78.25
4920,6.8,6.822,30.08,78.21
4925,6.3,6.554,30.05,78.15
4930,0,6.297,30.06,78.07
4935,6.8,6.297,30.09,78.12
4940,5,6.822,30.03,78.05
4945,7.1,6.822,30.06,78.06
4950,7.1,6.554,30.08,78.1
4955,7.1,6.554,30.06,78.05
4960,0,6.297,30.07,78.04
4965,6.6,6.554,30.07,78.04
4970,0,6.822,30.08,77.94
4975,6.1,6.297,30.1,77.94
4980,6.8,6.822,30.06,77.96
4985,0,6.554,30.04,77.9
4990,7.4,6.554,30.05,77.86
4995,6.3,6.554,30.07,77.82
5000,6.8,7.1,30.08,77.84
5005,8,6.822,30.05,77.81
5010,5.6,6.297,30.07,77.82
5015,5.6,6.05,30.09,77.8
5020,7.7,6.821,30.09,77.76
5025,7.1,6.554,30.06,77.82
5030,6.3,6.297,30.07,77.78
5035,6.1,6.05,30.04,77.74
5040,8.3,6.554,30.03,77.74
5045,6.1,6.554,30.09,77.73
5050,7.1,6.821,30.06,77.64
5055,5.8,6.554,30.07,77.58
5060,0,6.821,30.07,77.66
5065,0,6.05,30.05,77.59
5070,5.2,6.297,30.06,77.56
5075,7.4,6.554,30.07,77.54
5080,7.4,6.297,30.08,77.57
5085,6.1,6.554,30.05,77.58
5090,5.8,6.821,30.08,77.57
5095,5.4,6.05,30.04,77.46
5100,5.8,6.297,30.05,77.54
5105,6.6,6.554,30.02,77.51
5110,0,6.297,30.05,77.63
5115,6.1,6.297,30.02,77.38
5120,6.6,6.297,30.02,77.46
5125,5.2,6.05,30.03,77.44
5130,5.8,6.554,30.09,77.36
5135,5.8,6.05,30.06,77.28
5140,6.1,6.05,30.05,77.4
5145,5.4,6.297,30.04,77.34
5150,7.4,6.297,30.06,77.39
5155,6.3,6.05,30.05,77.3
5160,5.8,6.297,30.05,77.35
5165,5.8,6.05,30.08,77.33
5170,5.2,6.05,30.01,77.21
5175,6.1,6.05,30.06,77.18
5180,6.3,6.297,30.1,77.22
5185,5.8,6.297,30.06,77.25
5190,6.1,5.813,30.06,77.22
5195,6.6,6.297,30.04,77.21
5200,6.6,6.554,30.04,77.2
5205,6.3,6.554,30.05,77.2
5210,5.6,6.05,30.04,77.05
5215,7.4,6.05,30.02,77.19
5220,5.8,6.05,30.06,77.13
5225,5.6,6.554,30.04,77.11
5230,6.6,6.297,30.04,77.09
5235,6.3,6.05,30.04,77.13
5240,5.4,6.554,30.04,77.02
5245,5.2,6.05,30.06,77.08
5250,5.4,6.554,30.01,77.04
5255,6.1,6.554,30.04,77.13
5260,6.6,6.554,30.02,77.06
5265,5.6,6.05,30.06,77.01
5270,0,6.05,30.02,77.1
5275,5.2,6.05,30.02,77.01
5280,6.1,6.297,30.05,76.94
5285,6.1,6.05,30.04,76.91
5290,0,6.297,30.04,76.97
5295,6.6,6.554,30.05,76.85
5300,5,6.05,30,76.92
5305,6.6,6.05,30.07,76.86
