t_s,co_ppm,co_stel15_ppm,co_twa8h_ppm,co_proj10_ppm,co_p_model,co_state,no2_ppm,no2_stel15_ppm,no2_twa8h_ppm,no2_proj10_ppm,no2_p_model,no2_state,model_ran,warmup_or_nodata
10,,,0,,,AN_TOAN,,,0,,,AN_TOAN,False,True
20,,,0,,,AN_TOAN,,,0,,,AN_TOAN,False,True
30,,,0,,,AN_TOAN,,,0,,,AN_TOAN,False,True
40,,,0,,,AN_TOAN,,,0,,,AN_TOAN,False,True
50,,,0,,,AN_TOAN,,,0,,,AN_TOAN,False,True
60,,,0,,,AN_TOAN,,,0,,,AN_TOAN,False,True
70,,,0,,,AN_TOAN,,,0,,,AN_TOAN,False,True
80,,,0,,,AN_TOAN,,,0,,,AN_TOAN,False,True
90,,,0,,,AN_TOAN,,,0,,,AN_TOAN,False,True
100,,,0,,,AN_TOAN,,,0,,,AN_TOAN,False,True
110,,,0,,,AN_TOAN,,,0,,,AN_TOAN,False,True
120,,,0,,,AN_TOAN,,,0,,,AN_TOAN,False,True
130,,,0,,,AN_TOAN,,,0,,,AN_TOAN,False,True
140,,,0,,,AN_TOAN,,,0,,,AN_TOAN,False,True
150,,,0,,,AN_TOAN,,,0,,,AN_TOAN,False,True
160,,,0,,,AN_TOAN,,,0,,,AN_TOAN,False,True
170,,,0,,,AN_TOAN,,,0,,,AN_TOAN,False,True
180,,,0,,,AN_TOAN,,,0,,,AN_TOAN,False,True
190,,,0,,,AN_TOAN,,,0,,,AN_TOAN,False,True
200,,,0,,,AN_TOAN,,,0,,,AN_TOAN,False,True
210,,,0,,,AN_TOAN,,,0,,,AN_TOAN,False,True
220,,,0,,,AN_TOAN,,,0,,,AN_TOAN,False,True
230,,,0,,,AN_TOAN,,,0,,,AN_TOAN,False,True
240,,,0,,,AN_TOAN,,,0,,,AN_TOAN,False,True
250,,,0,,,AN_TOAN,,,0,,,AN_TOAN,False,True
260,,,0,,,AN_TOAN,,,0,,,AN_TOAN,False,True
270,,,0,,,AN_TOAN,,,0,,,AN_TOAN,False,True
280,,,0,,,AN_TOAN,,,0,,,AN_TOAN,False,True
290,,,0,,,AN_TOAN,,,0,,,AN_TOAN,False,True
300,,,0,,,AN_TOAN,,,0,,,AN_TOAN,False,True
310,,,0,,,AN_TOAN,,,0,,,AN_TOAN,False,True
320,,,0,,,AN_TOAN,,,0,,,AN_TOAN,False,True
330,,,0,,,AN_TOAN,,,0,,,AN_TOAN,False,True
340,,,0,,,AN_TOAN,,,0,,,AN_TOAN,False,True
350,,,0,,,AN_TOAN,,,0,,,AN_TOAN,False,True
360,,,0,,,AN_TOAN,,,0,,,AN_TOAN,False,True
370,,,0,,,AN_TOAN,,,0,,,AN_TOAN,False,True
380,,,0,,,AN_TOAN,,,0,,,AN_TOAN,False,True
390,,,0,,,AN_TOAN,,,0,,,AN_TOAN,False,True
400,,,0,,,AN_TOAN,,,0,,,AN_TOAN,False,True
410,,,0,,,AN_TOAN,,,0,,,AN_TOAN,False,True
420,,,0,,,AN_TOAN,,,0,,,AN_TOAN,False,True
430,,,0,,,AN_TOAN,,,0,,,AN_TOAN,False,True
440,,,0,,,AN_TOAN,,,0,,,AN_TOAN,False,True
450,,,0,,,AN_TOAN,,,0,,,AN_TOAN,False,True
460,,,0,,,AN_TOAN,,,0,,,AN_TOAN,False,True
470,,,0,,,AN_TOAN,,,0,,,AN_TOAN,False,True
480,,,0,,,AN_TOAN,,,0,,,AN_TOAN,False,True
490,,,0,,,AN_TOAN,,,0,,,AN_TOAN,False,True
500,,,0,,,AN_TOAN,,,0,,,AN_TOAN,False,True
510,,,0,,,AN_TOAN,,,0,,,AN_TOAN,False,True
520,,,0,,,AN_TOAN,,,0,,,AN_TOAN,False,True
530,,,0,,,AN_TOAN,,,0,,,AN_TOAN,False,True
540,,,0,,,AN_TOAN,,,0,,,AN_TOAN,False,True
550,,,0,,,AN_TOAN,,,0,,,AN_TOAN,False,True
560,,,0,,,AN_TOAN,,,0,,,AN_TOAN,False,True
570,,,0,,,AN_TOAN,,,0,,,AN_TOAN,False,True
580,,,0,,,AN_TOAN,,,0,,,AN_TOAN,False,True
590,,,0,,,AN_TOAN,,,0,,,AN_TOAN,False,True
600,,,0,,,AN_TOAN,,,0,,,AN_TOAN,False,True
610,2.7,,0.0009375,,,AN_TOAN,0.169,,5.868e-05,,,AN_TOAN,False,False
620,0,,0.0009375,,,AN_TOAN,0.1235,,0.0001016,,,AN_TOAN,False,False
630,0,,0.0009375,,,AN_TOAN,0.0735,,0.0001271,,,AN_TOAN,False,False
640,0,,0.0009375,,,AN_TOAN,0.058,,0.0001472,,,AN_TOAN,False,False
650,0,,0.0009375,,,AN_TOAN,0.1205,,0.0001891,,,AN_TOAN,False,False
660,0,0.45,0.0009375,,,AN_TOAN,0.1285,0.1122,0.0002337,,,AN_TOAN,False,False
670,0,0.3857,0.0009375,,,AN_TOAN,0,0.09614,0.0002337,,,AN_TOAN,False,False
680,3.4,0.7625,0.002118,,,AN_TOAN,0.145,0.1023,0.000284,,,AN_TOAN,False,False
690,0,0.6778,0.002118,,,AN_TOAN,0.1095,0.1031,0.000322,,,AN_TOAN,False,False
700,0,0.61,0.002118,,,AN_TOAN,0.068,0.09955,0.0003457,,,AN_TOAN,False,False
710,0,0.5545,0.002118,,,AN_TOAN,0.2235,0.1108,0.0004233,,,AN_TOAN,False,False
720,0,0.5083,0.002118,,,AN_TOAN,0.1335,0.1127,0.0004696,,,AN_TOAN,False,False
730,0,0.4692,0.002118,,,AN_TOAN,0.13,0.114,0.0005148,,,AN_TOAN,False,False
740,0,0.4357,0.002118,,,AN_TOAN,0,0.1059,0.0005148,,,AN_TOAN,False,False
750,0,0.4067,0.002118,,,AN_TOAN,0.051,0.1022,0.0005325,,,AN_TOAN,False,False
760,5.9,0.75,0.004167,,,AN_TOAN,0.172,0.1066,0.0005922,,,AN_TOAN,False,False
770,0,0.7059,0.004167,,,AN_TOAN,0.0555,0.1036,0.0006115,,,AN_TOAN,False,False
780,0,0.6667,0.004167,,,AN_TOAN,0.607,0.1316,0.0008222,,,AN_TOAN,False,False
790,3.55,0.8184,0.005399,,,AN_TOAN,0,0.1246,0.0008222,,,AN_TOAN,False,False
800,0,0.7775,0.005399,,,AN_TOAN,0.0765,0.1222,0.0008488,,,AN_TOAN,False,False
810,3.55,0.9095,0.006632,,,AN_TOAN,0.302,0.1308,0.0009536,,,AN_TOAN,False,False
820,0,0.8682,0.006632,,,AN_TOAN,0.145,0.1314,0.001004,,,AN_TOAN,False,False
830,0,0.8304,0.006632,,,AN_TOAN,0.0735,0.1289,0.00103,,,AN_TOAN,False,False
840,3.15,0.9271,0.007726,,,AN_TOAN,0.065,0.1263,0.001052,,,AN_TOAN,False,False
850,0,0.89,0.007726,,,AN_TOAN,0,0.1212,0.001052,,,AN_TOAN,False,False
860,3,0.9712,0.008767,,,AN_TOAN,0.125,0.1213,0.001095,,,AN_TOAN,False,False
870,0,0.9352,0.008767,,,AN_TOAN,0.2115,0.1247,0.001169,,,AN_TOAN,False,False
880,3.55,1.029,0.01,,,AN_TOAN,0.191,0.1271,0.001235,,,AN_TOAN,False,False
890,0,0.9931,0.01,,,AN_TOAN,0.093,0.1259,0.001268,,,AN_TOAN,False,False
900,5.5,1.143,0.01191,1.72,,AN_TOAN,0.0535,0.1235,0.001286,0.116,,AN_TOAN,False,False
910,2.9,1.2,0.01292,2.044,,AN_TOAN,0.0575,0.1213,0.001306,0.1212,,AN_TOAN,False,False
920,2.5,1.241,0.01378,2.017,,AN_TOAN,0.0895,0.1203,0.001337,0.1169,,AN_TOAN,False,False
930,2.9,1.291,0.01479,2.371,,AN_TOAN,0.0555,0.1184,0.001356,0.09934,,AN_TOAN,False,False
940,0,1.253,0.01479,1.977,,AN_TOAN,0.2855,0.1233,0.001456,0.1124,,AN_TOAN,False,False
950,0,1.217,0.01479,1.977,,AN_TOAN,0.17,0.1246,0.001515,0.1215,,AN_TOAN,False,False
960,0,1.183,0.01479,1.366,,AN_TOAN,0,0.1212,0.001515,0.1141,,AN_TOAN,False,False
970,0,1.151,0.01479,1.043,,AN_TOAN,0.114,0.121,0.001554,0.1216,,AN_TOAN,False,False
980,0,1.121,0.01479,0.7278,,AN_TOAN,0.086,0.1201,0.001584,0.1206,,AN_TOAN,False,False
990,3.3,1.177,0.01594,0.8089,,AN_TOAN,0.1285,0.1203,0.001629,0.1289,,AN_TOAN,False,False
1000,0,1.147,0.01594,0.8089,,AN_TOAN,0.1245,0.1204,0.001672,0.1117,,AN_TOAN,False,False
1010,0,1.12,0.01594,0.8089,,AN_TOAN,0.139,0.1208,0.00172,0.1073,,AN_TOAN,False,False
1020,0,1.093,0.01594,0.8089,,AN_TOAN,0.1235,0.1209,0.001763,0.1209,,AN_TOAN,False,False
1030,0,1.067,0.01594,0.8089,,AN_TOAN,0.0825,0.12,0.001792,0.1169,,AN_TOAN,False,False
1040,3.15,1.115,0.01703,1.194,,AN_TOAN,0.0825,0.1191,0.00182,0.1174,,AN_TOAN,False,False
1050,0,1.09,0.01703,0.8272,,AN_TOAN,0.1285,0.1194,0.001865,0.1182,,AN_TOAN,False,False
1060,2.5,1.121,0.0179,1.067,,AN_TOAN,0,0.1168,0.001865,0.1025,,AN_TOAN,False,False
1070,4.35,1.189,0.01941,1.599,,AN_TOAN,0.1445,0.1174,0.001915,0.1041,,AN_TOAN,False,False
1080,0,1.165,0.01941,1.599,,AN_TOAN,0.1185,0.1174,0.001956,0.09812,,AN_TOAN,False,False
1090,0,1.141,0.01941,1.559,,AN_TOAN,0.0895,0.1168,0.001987,0.09989,,AN_TOAN,False,False
1100,2.6,1.17,0.02031,1.527,,AN_TOAN,0,0.1145,0.001987,0.08988,,AN_TOAN,False,False
1110,0,1.147,0.02031,1.488,,AN_TOAN,0.2205,0.1165,0.002064,0.09919,,AN_TOAN,False,False
1120,0,1.125,0.02031,1.21,,AN_TOAN,0.263,0.1194,0.002155,0.1297,,AN_TOAN,False,False
1130,0,1.104,0.02031,0.7267,,AN_TOAN,0,0.1171,0.002155,0.1129,,AN_TOAN,False,False
1140,4.35,1.164,0.02182,1.223,,AN_TOAN,0,0.1149,0.002155,0.09897,,AN_TOAN,False,False
1150,0,1.143,0.02182,1.223,,AN_TOAN,0,0.1129,0.002155,0.08902,,AN_TOAN,False,False
1160,0,1.122,0.02182,0.9011,,AN_TOAN,0,0.1108,0.002155,0.08763,,AN_TOAN,False,False
1170,6,1.208,0.02391,1.634,,AN_TOAN,0.1095,0.1108,0.002193,0.07417,,AN_TOAN,False,False
1180,0,1.187,0.02391,1.595,,AN_TOAN,0.3675,0.1152,0.002321,0.08774,,AN_TOAN,False,False
1190,0,1.167,0.02391,1.595,,AN_TOAN,0.1505,0.1158,0.002373,0.1051,,AN_TOAN,False,False
1200,0,1.147,0.02391,1.051,,AN_TOAN,0,0.1139,0.002373,0.1045,,AN_TOAN,False,False
1210,0,1.129,0.02391,1.018,,AN_TOAN,0,0.112,0.002373,0.1039,,AN_TOAN,False,False
1220,0,1.11,0.02391,0.9906,,AN_TOAN,0.17,0.113,0.002432,0.1236,,AN_TOAN,False,False
1230,2.8,1.137,0.02488,0.6339,,AN_TOAN,0.097,0.1127,0.002466,0.1227,,AN_TOAN,False,False
1240,0,1.12,0.02488,0.6339,,AN_TOAN,0,0.111,0.002466,0.07872,,AN_TOAN,False,False
1250,0,1.102,0.02488,0.6339,,AN_TOAN,0,0.1093,0.002466,0.06011,,AN_TOAN,False,False
1260,0,1.086,0.02488,0.6339,,AN_TOAN,0.216,0.1109,0.002541,0.08651,,AN_TOAN,False,False
1270,0,1.069,0.02488,0.6339,,AN_TOAN,0,0.1092,0.002541,0.08524,,AN_TOAN,False,False
1280,0,1.054,0.02488,0.6339,,AN_TOAN,0.342,0.1126,0.00266,0.1072,,AN_TOAN,False,False
1290,3.55,1.09,0.02611,0.72,,AN_TOAN,0.163,0.1134,0.002716,0.1149,,AN_TOAN,False,False
1300,3.4,1.123,0.02729,1.136,,AN_TOAN,0.165,0.1141,0.002773,0.1337,,AN_TOAN,False,False
1310,0,1.107,0.02729,1.136,,AN_TOAN,0.262,0.1162,0.002864,0.1642,,AN_TOAN,False,False
1320,2.8,1.131,0.02826,1.478,,AN_TOAN,0,0.1146,0.002864,0.1388,,AN_TOAN,False,False
1330,0,1.115,0.02826,1.478,,AN_TOAN,0,0.113,0.002864,0.1379,,AN_TOAN,False,False
1340,0,1.1,0.02826,1.443,,AN_TOAN,0.1095,0.113,0.002902,0.1124,,AN_TOAN,False,False
1350,2.8,1.123,0.02924,1.391,,AN_TOAN,0.101,0.1128,0.002938,0.1052,,AN_TOAN,False,False
1360,3.15,1.149,0.03033,1.37,,AN_TOAN,0.0795,0.1124,0.002965,0.09654,,AN_TOAN,False,False
1370,2.6,1.168,0.03123,1.639,,AN_TOAN,0.1335,0.1126,0.003011,0.08214,,AN_TOAN,False,False
1380,5.3,1.221,0.03307,1.976,,AN_TOAN,0.0765,0.1122,0.003038,0.09017,,AN_TOAN,False,False
1390,2.6,1.239,0.03398,2.294,,AN_TOAN,0.097,0.112,0.003072,0.101,,AN_TOAN,False,False
1400,2.7,1.257,0.03491,2.595,,AN_TOAN,0.051,0.1112,0.003089,0.0951,,AN_TOAN,False,False
1410,2.7,1.275,0.03585,2.614,,AN_TOAN,0.1285,0.1114,0.003134,0.09713,,AN_TOAN,False,False
1420,4.5,1.314,0.03741,2.814,,AN_TOAN,0.268,0.1133,0.003227,0.1181,,AN_TOAN,False,False
1430,2.8,1.332,0.03839,2.867,,AN_TOAN,0.3435,0.1161,0.003346,0.1453,,AN_TOAN,False,False
1440,4.5,1.37,0.03995,2.78,,AN_TOAN,0.2375,0.1176,0.003429,0.1658,,AN_TOAN,False,False
1450,3.3,1.392,0.04109,2.894,,AN_TOAN,0,0.1162,0.003429,0.155,,AN_TOAN,False,False
1460,4,1.423,0.04248,3.083,,AN_TOAN,0.1095,0.1161,0.003467,0.1628,,AN_TOAN,False,False
1470,2.7,1.437,0.04342,3.047,,AN_TOAN,0,0.1148,0.003467,0.1473,,AN_TOAN,False,False
1480,7.7,1.509,0.04609,3.488,,AN_TOAN,0,0.1135,0.003467,0.1134,,AN_TOAN,False,False
1490,0,1.492,0.04609,3.177,,AN_TOAN,0.139,0.1137,0.003515,0.09054,,AN_TOAN,False,False
1500,3.55,1.514,0.04733,3.111,,AN_TOAN,0,0.1125,0.003515,0.06416,,AN_TOAN,False,False
1510,2.6,1.513,0.04823,3.062,,AN_TOAN,0,0.1106,0.003515,0.06416,,AN_TOAN,False,False
1520,3.15,1.548,0.04932,3.002,,AN_TOAN,0.1235,0.1106,0.003558,0.06519,,AN_TOAN,False,False
1530,0,1.548,0.04932,2.671,,AN_TOAN,0.1445,0.1114,0.003608,0.08178,,AN_TOAN,False,False
1540,4.7,1.601,0.05095,2.39,,AN_TOAN,0.2235,0.1132,0.003686,0.1091,,AN_TOAN,False,False
1550,0,1.601,0.05095,2.39,,AN_TOAN,0.2325,0.1145,0.003766,0.1221,,AN_TOAN,False,False
1560,5.4,1.661,0.05283,2.656,,AN_TOAN,0,0.1131,0.003766,0.1197,,AN_TOAN,False,False
1570,3.4,1.698,0.05401,2.782,,AN_TOAN,0.1085,0.1143,0.003804,0.1329,,AN_TOAN,False,False
1580,2.7,1.691,0.05495,2.762,,AN_TOAN,0.281,0.1158,0.003902,0.1498,,AN_TOAN,False,False
1590,2.6,1.719,0.05585,3.041,,AN_TOAN,0,0.1146,0.003902,0.1319,,AN_TOAN,False,False
1600,4.5,1.769,0.05741,3.031,,AN_TOAN,0,0.1138,0.003902,0.1052,,AN_TOAN,False,False
1610,3.85,1.812,0.05875,3.501,,AN_TOAN,0,0.1113,0.003902,0.07647,,AN_TOAN,False,False
1620,4,1.857,0.06014,3.359,,AN_TOAN,0.184,0.1119,0.003966,0.09896,,AN_TOAN,False,False
1630,0,1.857,0.06014,2.981,,AN_TOAN,0,0.1104,0.003966,0.08691,,AN_TOAN,False,False
1640,6.65,1.931,0.06245,3.494,,AN_TOAN,0.184,0.1125,0.00403,0.07696,,AN_TOAN,False,False
1650,7,2.008,0.06488,4.029,,AN_TOAN,0,0.1119,0.00403,0.07583,,AN_TOAN,False,False
1660,7.8,2.029,0.06759,4.448,,AN_TOAN,0.0795,0.1109,0.004057,0.08467,,AN_TOAN,False,False
1670,5.7,2.093,0.06957,4.688,,AN_TOAN,0,0.1103,0.004057,0.08318,,AN_TOAN,False,False
1680,7,2.171,0.072,5.04,,AN_TOAN,0.184,0.1056,0.004121,0.08438,,AN_TOAN,False,False
1690,6.45,2.203,0.07424,5.799,,AN_TOAN,0.105,0.1067,0.004157,0.09613,,AN_TOAN,False,False
1700,6.4,2.274,0.07646,5.813,,AN_TOAN,0,0.1059,0.004157,0.07512,,AN_TOAN,False,False
1710,3.3,2.271,0.0776,5.408,,AN_TOAN,0.184,0.1046,0.004221,0.09618,,AN_TOAN,False,False
1720,7.5,2.354,0.08021,5.408,,AN_TOAN,0,0.103,0.004221,0.08437,,AN_TOAN,False,False
1730,6.45,2.426,0.08245,5.532,,AN_TOAN,0.2095,0.1045,0.004294,0.1062,,AN_TOAN,False,False
1740,2.8,2.422,0.08342,5.047,,AN_TOAN,0.1415,0.1053,0.004343,0.1004,,AN_TOAN,False,False
1750,3.4,2.46,0.0846,4.709,,AN_TOAN,0.086,0.1063,0.004373,0.09922,,AN_TOAN,False,False
1760,10.2,2.54,0.08814,5.2,,AN_TOAN,0.1835,0.1069,0.004437,0.1204,,AN_TOAN,False,False
1770,8.05,2.629,0.09094,5.787,,AN_TOAN,0,0.1046,0.004437,0.09998,,AN_TOAN,False,False
1780,8.8,2.688,0.09399,5.944,,AN_TOAN,0,0.1025,0.004437,0.09998,,AN_TOAN,False,False
1790,11.5,2.816,0.09799,6.633,,AN_TOAN,0.1635,0.1032,0.004494,0.09514,,AN_TOAN,False,False
1800,9.45,2.859,0.1013,7.437,0.02734,AN_TOAN,0.0895,0.1036,0.004525,0.09036,0,AN_TOAN,True,False
1810,7.9,2.915,0.104,7.996,0.02734,AN_TOAN,0.211,0.1053,0.004598,0.1066,0,AN_TOAN,True,False
1820,10.85,3.008,0.1078,8.154,0.02344,AN_TOAN,0.1335,0.1058,0.004644,0.1012,0,AN_TOAN,True,False
1830,4.35,3.024,0.1093,7.791,0.003906,AN_TOAN,0,0.1052,0.004644,0.09954,0,AN_TOAN,True,False
1840,11.7,3.154,0.1134,8.191,0.007812,AN_TOAN,0.1965,0.1042,0.004713,0.1211,0,AN_TOAN,True,False
1850,8.5,3.248,0.1163,7.952,0.003906,AN_TOAN,0,0.1023,0.004713,0.1003,0,AN_TOAN,True,False
1860,8.4,3.342,0.1192,7.869,0.003906,AN_TOAN,0,0.1023,0.004713,0.09038,0,AN_TOAN,True,False
1870,10.8,3.462,0.123,8.273,0.007812,AN_TOAN,0.1765,0.103,0.004774,0.08731,0,AN_TOAN,True,False
1880,11.35,3.588,0.1269,8.425,0.01172,AN_TOAN,0.105,0.1032,0.00481,0.08218,0,AN_TOAN,True,False
1890,12.2,3.687,0.1311,9.404,0.01953,AN_TOAN,0.1565,0.1036,0.004865,0.1013,0,AN_TOAN,True,False
1900,9.25,3.789,0.1344,9.184,0.01562,AN_TOAN,0.051,0.1027,0.004882,0.08571,0,AN_TOAN,True,False
1910,12.6,3.929,0.1387,9.737,0.01953,AN_TOAN,0,0.1012,0.004882,0.08571,0,AN_TOAN,True,False
1920,10.85,4.05,0.1425,10.09,0.007812,AN_TOAN,0.2435,0.1025,0.004967,0.1134,0,AN_TOAN,True,False
1930,12.4,4.188,0.1468,10.4,0.01562,AN_TOAN,0.236,0.1042,0.005049,0.1227,0,AN_TOAN,True,False
1940,9.65,4.26,0.1502,10.25,0.003906,AN_TOAN,0,0.1033,0.005049,0.1089,0,AN_TOAN,True,False
1950,12.7,4.401,0.1546,10.36,0.007812,AN_TOAN,0.1335,0.1034,0.005095,0.1079,0,AN_TOAN,True,False
1960,12,4.507,0.1587,10.72,0.003906,AN_TOAN,0.224,0.1059,0.005173,0.1287,0,AN_TOAN,True,False
1970,11.05,4.581,0.1626,10.6,0.003906,AN_TOAN,0.1185,0.1056,0.005214,0.1432,0,AN_TOAN,True,False
1980,12.5,4.72,0.1669,10.85,0.003906,AN_TOAN,0.184,0.1063,0.005278,0.1366,0,AN_TOAN,True,False
1990,12.15,4.855,0.1711,10.88,0.003906,AN_TOAN,0.0575,0.1059,0.005298,0.1162,0,AN_TOAN,True,False
2000,11.65,4.956,0.1752,11.16,0.003906,AN_TOAN,0.1635,0.1078,0.005355,0.1362,0,AN_TOAN,True,False
2010,11.5,5.083,0.1792,11.12,0,AN_TOAN,0.1565,0.107,0.005409,0.1384,0,AN_TOAN,True,False
2020,14,5.239,0.184,11.42,0.003906,AN_TOAN,0.139,0.1057,0.005457,0.1305,0,AN_TOAN,True,False
2030,13.8,5.392,0.1888,11.8,0.007812,AN_TOAN,0.114,0.1069,0.005497,0.129,0,AN_TOAN,True,False
2040,15.35,5.514,0.1941,12.26,0.01953,AN_TOAN,0,0.1069,0.005497,0.107,0,AN_TOAN,True,False
2050,17.45,5.708,0.2002,13.01,0.05469,AN_TOAN,0.0625,0.1076,0.005519,0.1073,0,AN_TOAN,True,False
2060,18.2,5.911,0.2065,13.82,0.25,AN_TOAN,0.0705,0.1084,0.005543,0.09568,0,AN_TOAN,True,False
2070,17.55,6.039,0.2126,14.6,0.2109,AN_TOAN,0,0.1072,0.005543,0.07829,0,AN_TOAN,True,False
2080,16.5,6.222,0.2184,14.96,0.293,AN_TOAN,0,0.1031,0.005543,0.06284,0,AN_TOAN,True,False
2090,15.85,6.398,0.2239,15.24,0.2109,AN_TOAN,0.2435,0.1041,0.005628,0.07812,0,AN_TOAN,True,False
2100,19,6.609,0.2305,15.75,0.1758,AN_TOAN,0,0.1041,0.005628,0.07713,0,AN_TOAN,True,False
2110,17.45,6.803,0.2365,15.86,0.25,AN_TOAN,0.0735,0.105,0.005653,0.07682,0,AN_TOAN,True,False
2120,18.5,7.009,0.2429,15.98,0.2109,AN_TOAN,0,0.1031,0.005653,0.06751,0,AN_TOAN,True,False
2130,19.7,7.197,0.2498,16.38,0.25,AN_TOAN,0.1235,0.1034,0.005696,0.0826,0,AN_TOAN,True,False
2140,18.95,7.407,0.2564,16.74,0.293,AN_TOAN,0,0.1034,0.005696,0.08042,0,AN_TOAN,True,False
2150,19.35,7.622,0.2631,17.25,0.3398,AN_TOAN,0,0.1034,0.005696,0.05336,0,AN_TOAN,True,False
2160,19.2,7.836,0.2697,17.39,0.25,AN_TOAN,0.053,0.1016,0.005714,0.05984,0,AN_TOAN,True,False
2170,17.45,8.029,0.2758,17.46,0.1211,AN_TOAN,0,0.1016,0.005714,0.04971,0,AN_TOAN,True,False
2180,22.7,8.282,0.2837,18.06,0.1758,AN_TOAN,0.0765,0.09861,0.005741,0.05789,0,AN_TOAN,True,False
2190,20.5,8.47,0.2908,18.24,0.25,AN_TOAN,0.0765,0.09764,0.005768,0.05178,0,AN_TOAN,True,False
2200,21.05,8.666,0.2981,18.6,0.2109,AN_TOAN,0.065,0.09653,0.00579,0.05916,0,AN_TOAN,True,False
2210,22.6,8.917,0.306,19.07,0.3398,AN_TOAN,0,0.09362,0.00579,0.05916,0,AN_TOAN,True,False
2220,22.25,9.133,0.3137,19.54,0.3398,AN_TOAN,0,0.09362,0.00579,0.05057,0,AN_TOAN,True,False
2230,22.6,9.384,0.3215,20.22,0.3906,AN_TOAN,0.053,0.09421,0.005809,0.05442,0,AN_TOAN,True,False
2240,22.2,9.631,0.3292,20.31,0.3398,AN_TOAN,0.216,0.09539,0.005884,0.07232,0,AN_TOAN,True,False
2250,22,9.844,0.3369,20.58,0.293,AN_TOAN,0.114,0.09554,0.005923,0.07627,0,AN_TOAN,True,False
2260,27.75,10.12,0.3465,21.5,0.5547,AN_TOAN,0,0.09466,0.005923,0.06656,0,AN_TOAN,True,False
2270,24.55,10.36,0.355,21.86,0.6094,AN_TOAN,0.1565,0.09491,0.005977,0.08437,0,AN_TOAN,True,False
2280,26.65,10.6,0.3643,22.51,0.7891,AN_TOAN,0,0.09406,0.005977,0.08233,0,AN_TOAN,True,False
2290,24.5,10.84,0.3728,22.86,0.8242,AN_TOAN,0,0.09298,0.005977,0.0758,0,AN_TOAN,True,False
2300,28.35,11.13,0.3826,23.73,0.8789,AN_TOAN,0.0735,0.09323,0.006003,0.05897,0,AN_TOAN,True,False
2310,27.25,11.4,0.3921,24.49,0.918,AN_TOAN,0,0.09181,0.006003,0.04456,0,AN_TOAN,True,False
2320,26.05,11.64,0.4011,24.43,0.8516,AN_TOAN,0,0.08883,0.006003,0.04302,0,AN_TOAN,True,False
2330,27.7,11.92,0.4108,24.94,0.8789,AN_TOAN,0,0.08501,0.006003,0.02436,0,AN_TOAN,True,False
2340,26.65,12.16,0.42,25.06,0.7891,AN_TOAN,0,0.08237,0.006003,0.02436,0,AN_TOAN,True,False
2350,27.15,12.43,0.4294,25.46,0.6602,AN_TOAN,0.2385,0.08502,0.006086,0.05282,0,AN_TOAN,True,False
2360,29.4,12.71,0.4397,25.7,0.7891,AN_TOAN,0.2495,0.08658,0.006172,0.07436,0,AN_TOAN,True,False
2370,33.8,13.06,0.4514,26.61,0.8789,AN_TOAN,0.2555,0.08942,0.006261,0.1056,0,AN_TOAN,True,False
2380,31.85,13.32,0.4624,27.43,0.8984,AN_TOAN,0.1095,0.09063,0.006299,0.119,0,AN_TOAN,True,False
2390,32.5,13.68,0.4737,28.15,0.918,AN_TOAN,0.06,0.08976,0.00632,0.1236,0,AN_TOAN,True,False
2400,32.5,14.01,0.485,28.95,0.9453,CANH_BAO_SOM,0.2245,0.09225,0.006398,0.151,0,AN_TOAN,True,False
2410,35.3,14.37,0.4973,30.05,0.9648,CANH_BAO_SOM,0.102,0.09338,0.006433,0.1362,0,AN_TOAN,True,False
2420,35.95,14.73,0.5098,30.97,0.9727,CANH_BAO_SOM,0.1285,0.09344,0.006478,0.1242,0,AN_TOAN,True,False
2430,36.6,15.14,0.5225,31.47,0.9805,CANH_BAO_SOM,0,0.09183,0.006478,0.09441,0,AN_TOAN,True,False
2440,37.4,15.5,0.5355,32.29,0.9844,CANH_BAO_SOM,0.114,0.09062,0.006518,0.09618,0,AN_TOAN,True,False
2450,39.7,15.95,0.5492,33.32,0.9883,CANH_BAO_SOM,0,0.08803,0.006518,0.08951,0,AN_TOAN,True,False
2460,35.9,16.28,0.5617,33.88,0.9883,CANH_BAO_SOM,0,0.08803,0.006518,0.06398,0,AN_TOAN,True,False
2470,37.4,16.66,0.5747,34.34,0.9883,CANH_BAO_SOM,0,0.08683,0.006518,0.05264,0,AN_TOAN,True,False
2480,36.65,17.04,0.5874,34.57,0.9844,CANH_BAO_SOM,0.1445,0.08531,0.006568,0.05518,0,AN_TOAN,True,False
2490,39.7,17.45,0.6012,35.13,0.9883,CANH_BAO_SOM,0,0.08531,0.006568,0.05433,0,AN_TOAN,True,False
2500,38.85,17.83,0.6147,35.49,0.9844,CANH_BAO_SOM,0.0795,0.08619,0.006595,0.05066,0,AN_TOAN,True,False
2510,43.9,18.28,0.6299,36.19,0.9883,CANH_BAO_SOM,0.157,0.08794,0.00665,0.06984,0,AN_TOAN,True,False
2520,42.15,18.7,0.6446,37.11,0.9883,CANH_BAO_SOM,0.1445,0.0875,0.0067,0.08751,0,AN_TOAN,True,False
2530,43,19.18,0.6595,37.95,0.9883,CANH_BAO_SOM,0.2465,0.09024,0.006786,0.117,0,AN_TOAN,True,False
2540,49.5,19.66,0.6767,39.69,0.9922,CANH_BAO_SOM,0.0825,0.08911,0.006814,0.1087,0,AN_TOAN,True,False
2550,43.9,20.07,0.6919,40.4,0.9922,CANH_BAO_SOM,0,0.08911,0.006814,0.1074,0,AN_TOAN,True,False
2560,44.7,20.48,0.7074,41.23,0.9922,CANH_BAO_SOM,0,0.08823,0.006814,0.09857,0,AN_TOAN,True,False
2570,43.9,20.9,0.7227,41.45,0.9922,CANH_BAO_SOM,0.281,0.09135,0.006912,0.1137,0,AN_TOAN,True,False
2580,48.45,21.36,0.7395,42.39,0.9961,CANH_BAO_SOM,0.101,0.09043,0.006947,0.11,0,AN_TOAN,True,False
2590,44.7,21.79,0.755,42.8,0.9922,CANH_BAO_SOM,0.15,0.09093,0.006999,0.101,0,AN_TOAN,True,False
2600,48.4,22.25,0.7718,42.9,0.9961,CANH_BAO_SOM,0.051,0.09149,0.007017,0.09722,0,AN_TOAN,True,False
2610,49.4,22.76,0.789,43.76,0.9961,CANH_BAO_SOM,0.216,0.09185,0.007092,0.1236,0,AN_TOAN,True,False
2620,52.5,23.26,0.8072,44.92,0.9961,CANH_BAO_SOM,0.1095,0.09307,0.00713,0.137,0,AN_TOAN,True,False
2630,51.45,23.76,0.8251,46.02,0.9961,CANH_BAO_SOM,0.139,0.09228,0.007178,0.1228,0,AN_TOAN,True,False
2640,50.4,24.29,0.8426,46.51,0.9961,CANH_BAO_SOM,0.139,0.09226,0.007226,0.1285,0,AN_TOAN,True,False
2650,53.55,24.85,0.8612,47.78,0.9961,CANH_BAO_SOM,0.2275,0.09383,0.007305,0.137,0,AN_TOAN,True,False
2660,55.7,25.36,0.8805,48.89,0.9961,CANH_BAO_SOM,0,0.09179,0.007305,0.1286,0,AN_TOAN,True,False
2670,57.95,25.91,0.9006,50.1,0.9961,CANH_BAO_SOM,0.234,0.09439,0.007386,0.1303,0,AN_TOAN,True,False
2680,55.8,26.43,0.92,50.74,0.9961,CANH_BAO_SOM,0.1095,0.09561,0.007424,0.1303,0,AN_TOAN,True,False
2690,57.25,26.94,0.9399,51.66,0.9961,CANH_BAO_SOM,0.114,0.09506,0.007464,0.1282,0,AN_TOAN,True,False
2700,55.7,27.46,0.9592,52.5,0.9961,CANH_BAO_SOM,0,0.09406,0.007464,0.1102,0,AN_TOAN,True,False
2710,61.6,28.05,0.9806,53.69,0.9961,CANH_BAO_SOM,0.101,0.09284,0.007499,0.09616,0,AN_TOAN,True,False
2720,59.2,28.59,1.001,54.34,0.9961,CANH_BAO_SOM,0.3155,0.09486,0.007609,0.1333,0,AN_TOAN,True,False
2730,64.15,29.25,1.023,55.33,0.9961,CANH_BAO_SOM,0.086,0.09582,0.007639,0.1178,0,AN_TOAN,True,False
2740,64.1,29.84,1.046,56.55,0.9961,CANH_BAO_SOM,0.0575,0.09427,0.007659,0.1114,0,AN_TOAN,True,False
2750,65.4,30.47,1.068,57.74,0.9961,CANH_BAO_SOM,0.167,0.09613,0.007716,0.1191,0,AN_TOAN,True,False
2760,65.4,31.1,1.091,59.15,0.9961,CANH_BAO_SOM,0.204,0.09839,0.007787,0.1441,0,AN_TOAN,True,False
2770,61.75,31.67,1.113,59.43,0.9961,CANH_BAO_SOM,0.051,0.097,0.007805,0.1391,0,AN_TOAN,True,False
2780,62.85,32.24,1.134,60.13,0.9961,CANH_BAO_SOM,0.1995,0.09805,0.007874,0.1268,0,AN_TOAN,True,False
2790,69.4,32.88,1.158,61.04,0.9961,CANH_BAO_SOM,0.105,0.09748,0.007911,0.1301,0,AN_TOAN,True,False
2800,70.95,33.56,1.183,62.16,0.9961,CANH_BAO_SOM,0.051,0.09748,0.007928,0.129,0,AN_TOAN,True,False
2810,68.05,34.18,1.207,62.73,0.9961,CANH_BAO_SOM,0,0.09748,0.007928,0.1087,0,AN_TOAN,True,False
2820,70.95,34.84,1.231,63.66,0.9961,CANH_BAO_SOM,0.208,0.09708,0.008001,0.1099,0,AN_TOAN,True,False
2830,72.3,35.51,1.256,65.16,0.9961,CANH_BAO_SOM,0,0.09446,0.008001,0.1015,0,AN_TOAN,True,False
2840,73.7,36.22,1.282,66.63,0.9961,VUOT_NGUONG,0.27,0.09746,0.008094,0.1114,0,AN_TOAN,True,False
2850,75.25,36.92,1.308,67.63,0.9961,VUOT_NGUONG,0,0.09598,0.008094,0.09974,0,AN_TOAN,True,False
2860,73.7,37.6,1.334,68.26,0.9961,VUOT_NGUONG,0,0.09349,0.008094,0.09408,0,AN_TOAN,True,False
2870,76.85,38.33,1.36,69.6,0.9961,VUOT_NGUONG,0.194,0.09433,0.008162,0.1147,0,AN_TOAN,True,False
2880,78.35,39.06,1.388,70.76,0.9961,VUOT_NGUONG,0.1955,0.09446,0.00823,0.1143,0,AN_TOAN,True,False
2890,78.35,39.8,1.415,71.8,0.9961,VUOT_NGUONG,0.0825,0.09473,0.008258,0.1227,0,AN_TOAN,True,False
2900,81.5,40.58,1.443,73.04,0.9961,VUOT_NGUONG,0.1565,0.09466,0.008313,0.1113,0,AN_TOAN,True,False
2910,84.8,41.39,1.473,74.49,0.9961,VUOT_NGUONG,0,0.09292,0.008313,0.1089,0,AN_TOAN,True,False
2920,84.8,42.18,1.502,76.09,0.9961,VUOT_NGUONG,0.0675,0.09212,0.008336,0.1159,0,AN_TOAN,True,False
2930,83.15,42.95,1.531,77.14,0.9961,VUOT_NGUONG,0,0.09086,0.008336,0.09284,0,AN_TOAN,True,False
2940,84.8,43.72,1.56,78.24,0.9961,VUOT_NGUONG,0.114,0.09212,0.008376,0.08351,0,AN_TOAN,True,False
2950,81.5,44.43,1.589,78.9,0.9961,VUOT_NGUONG,0.1095,0.09264,0.008414,0.08519,0,AN_TOAN,True,False
2960,88.2,45.21,1.619,80,0.9961,VUOT_NGUONG,0.086,0.09282,0.008444,0.07832,0,AN_TOAN,True,False
2970,90,46.01,1.651,80.94,0.9961,VUOT_NGUONG,0.1235,0.09419,0.008486,0.09081,0,AN_TOAN,True,False
2980,93.7,46.87,1.683,82.35,0.9961,VUOT_NGUONG,0.06,0.09486,0.008507,0.08943,0,AN_TOAN,True,False
2990,84.85,47.64,1.713,82.84,0.9961,VUOT_NGUONG,0.17,0.09404,0.008566,0.1089,0,AN_TOAN,True,False
3000,97.55,48.51,1.746,84.72,0.9961,VUOT_NGUONG,0,0.09404,0.008566,0.09627,0,AN_TOAN,True,False
3010,95.6,49.38,1.78,86.67,0.9961,VUOT_NGUONG,0.2895,0.09644,0.008667,0.1184,0,AN_TOAN,True,False
3020,95.65,50.24,1.813,87.9,0.9961,VUOT_NGUONG,0,0.09644,0.008667,0.1053,0,AN_TOAN,True,False
3030,93.7,51.06,1.845,88.64,0.9961,VUOT_NGUONG,0.4,0.09951,0.008806,0.1395,0,AN_TOAN,True,False
3040,97.55,51.93,1.879,89.44,0.9961,VUOT_NGUONG,0.093,0.1005,0.008838,0.1436,0,AN_TOAN,True,False
3050,97.55,52.8,1.913,91.21,0.9961,VUOT_NGUONG,0.086,0.1015,0.008868,0.1333,0,AN_TOAN,True,False
3060,101.5,53.72,1.948,92.05,0.9961,VUOT_NGUONG,0.1285,0.1023,0.008912,0.1468,0,AN_TOAN,True,False
3070,95.6,54.58,1.982,92.42,0.9961,VUOT_NGUONG,0.1185,0.1037,0.008954,0.1285,0,AN_TOAN,True,False
3080,101.5,55.46,2.017,93.5,0.9961,VUOT_NGUONG,0,0.1028,0.008954,0.1263,0,AN_TOAN,True,False
3090,101.7,56.36,2.052,94.75,0.9961,VUOT_NGUONG,0.1285,0.1034,0.008998,0.09641,0,AN_TOAN,True,False
3100,110,57.35,2.09,96.57,0.9961,VUOT_NGUONG,0,0.1027,0.008998,0.08551,0,AN_TOAN,True,False
3110,110,58.32,2.129,98.42,0.9961,VUOT_NGUONG,0,0.1027,0.008998,0.07596,0,AN_TOAN,True,False
3120,103.7,59.23,2.164,99.02,0.9961,VUOT_NGUONG,0.29,0.1059,0.009099,0.09481,0,AN_TOAN,True,False
3130,112.2,60.22,2.203,101.3,0.9961,VUOT_NGUONG,0.264,0.1082,0.009191,0.1139,0,AN_TOAN,True,False
3140,112.2,61.22,2.242,102.9,0.9961,VUOT_NGUONG,0,0.1058,0.009191,0.1109,0,AN_TOAN,True,False
3150,114.5,62.25,2.282,104.8,0.9961,VUOT_NGUONG,0.163,0.1064,0.009247,0.1166,0,AN_TOAN,True,False
3160,114.5,63.21,2.322,105.7,0.9961,VUOT_NGUONG,0.353,0.1103,0.00937,0.1597,0,AN_TOAN,True,False
3170,119.1,64.26,2.363,107.2,0.9961,VUOT_NGUONG,0,0.1086,0.00937,0.1575,0,AN_TOAN,True,False
3180,114.5,65.24,2.403,108.8,0.9961,VUOT_NGUONG,0.0675,0.1093,0.009393,0.1314,0,AN_TOAN,True,False
3190,121.5,66.32,2.445,110.3,0.9961,VUOT_NGUONG,0.0895,0.1103,0.009424,0.1121,0,AN_TOAN,True,False
3200,129.1,67.44,2.49,112.7,0.9961,VUOT_NGUONG,0.0795,0.1104,0.009452,0.1201,0,AN_TOAN,True,False
3210,121.5,68.48,2.532,113.9,0.9961,VUOT_NGUONG,0.2645,0.1133,0.009544,0.1343,0,AN_TOAN,True,False
3220,129.2,69.63,2.577,116,0.9961,VUOT_NGUONG,0.086,0.1143,0.009574,0.1048,0,AN_TOAN,True,False
3230,126.5,70.73,2.621,117.4,0.9961,VUOT_NGUONG,0.1865,0.1163,0.009638,0.1276,0,AN_TOAN,True,False
3240,131.8,71.89,2.667,119.8,0.9961,VUOT_NGUONG,0.2255,0.1188,0.009717,0.1464,0,AN_TOAN,True,False
3250,129.1,73.03,2.712,121.2,0.9961,VUOT_NGUONG,0.0825,0.1171,0.009745,0.1453,0,AN_TOAN,True,False
3260,131.8,74.16,2.757,121.9,0.9961,VUOT_NGUONG,0.2635,0.1173,0.009837,0.1677,0,AN_TOAN,True,False
3270,137.1,75.31,2.805,124.2,0.9961,VUOT_NGUONG,0,0.1144,0.009837,0.137,0,AN_TOAN,True,False
3280,139.8,76.51,2.853,125.9,0.9961,VUOT_NGUONG,0.278,0.1163,0.009933,0.1607,0,AN_TOAN,True,False
3290,142.7,77.74,2.903,128.3,0.9961,VUOT_NGUONG,0,0.1156,0.009933,0.1381,0,AN_TOAN,True,False
3300,134.3,78.87,2.95,129,0.9961,VUOT_NGUONG,0.065,0.1139,0.009956,0.121,0,AN_TOAN,True,False
3310,134.3,79.97,2.996,130,0.9961,VUOT_NGUONG,0.1445,0.1143,0.01001,0.1263,0,AN_TOAN,True,False
3320,137,81.09,3.044,131.1,0.9961,VUOT_NGUONG,0.0625,0.1136,0.01003,0.1047,0,AN_TOAN,True,False
3330,137,82.21,3.091,131.5,0.9961,VUOT_NGUONG,0.0705,0.1144,0.01005,0.1088,0,AN_TOAN,True,False
3340,137.1,83.31,3.139,131.7,0.9961,VUOT_NGUONG,0,0.1131,0.01005,0.07691,0,AN_TOAN,True,False
3350,134.3,84.36,3.186,131.2,0.9961,VUOT_NGUONG,0.097,0.1142,0.01009,0.08781,0,AN_TOAN,True,False
3360,129.1,85.4,3.23,130.9,0.9961,VUOT_NGUONG,0.211,0.1165,0.01016,0.1049,0,AN_TOAN,True,False
3370,137,86.51,3.278,131.6,0.9961,VUOT_NGUONG,0.234,0.1191,0.01024,0.1162,0,AN_TOAN,True,False
3380,129.1,87.53,3.323,131.1,0.9961,VUOT_NGUONG,0.4065,0.122,0.01038,0.1589,0,AN_TOAN,True,False
3390,131.8,88.56,3.369,130.8,0.9961,VUOT_NGUONG,0.2475,0.1248,0.01047,0.1799,0,AN_TOAN,True,False
3400,137.1,89.65,3.416,131.1,0.9961,VUOT_NGUONG,0.051,0.1245,0.01049,0.1861,0,AN_TOAN,True,False
3410,131.8,90.62,3.462,131.1,0.9961,VUOT_NGUONG,0.114,0.124,0.01052,0.1893,0,AN_TOAN,True,False
3420,129.1,91.59,3.507,131.4,0.9961,VUOT_NGUONG,0.0895,0.1234,0.01056,0.1736,0,AN_TOAN,True,False
3430,131.8,92.57,3.552,131,0.9961,VUOT_NGUONG,0.327,0.1243,0.01067,0.1846,0,AN_TOAN,True,False
3440,129.1,93.46,3.597,131.2,0.9961,VUOT_NGUONG,0.233,0.126,0.01075,0.1679,0,AN_TOAN,True,False
3450,131.8,94.43,3.643,131.4,0.9961,VUOT_NGUONG,0.1285,0.1274,0.01079,0.1543,0,AN_TOAN,True,False
3460,129.2,95.37,3.688,130.7,0.9961,VUOT_NGUONG,0,0.1274,0.01079,0.1447,0,AN_TOAN,True,False
3470,134.3,96.38,3.735,131.1,0.9961,VUOT_NGUONG,0.228,0.1268,0.01087,0.1599,0,AN_TOAN,True,False
3480,129.1,97.27,3.779,131.3,0.9961,VUOT_NGUONG,0.086,0.1266,0.0109,0.1597,0,AN_TOAN,True,False
3490,126.5,98.18,3.823,130.8,0.9961,VUOT_NGUONG,0,0.125,0.0109,0.1224,0,AN_TOAN,True,False
3500,124.2,99.02,3.866,130.2,0.9961,VUOT_NGUONG,0.1285,0.1258,0.01095,0.1113,0,AN_TOAN,True,False
3510,129.1,99.91,3.911,129.9,0.9961,VUOT_NGUONG,0.1805,0.1254,0.01101,0.1162,0,AN_TOAN,True,False
3520,126.5,100.7,3.955,129.6,0.9961,VUOT_NGUONG,0.1505,0.1259,0.01106,0.1336,0,AN_TOAN,True,False
3530,121.6,101.5,3.997,128.1,0.9961,VUOT_NGUONG,0,0.1243,0.01106,0.1062,0,AN_TOAN,True,False
3540,129.1,102.4,4.042,128.1,0.9961,VUOT_NGUONG,0.214,0.1252,0.01114,0.1203,0,AN_TOAN,True,False
3550,129.1,103.2,4.087,128.4,0.9961,VUOT_NGUONG,0.323,0.1262,0.01125,0.1589,0,AN_TOAN,True,False
3560,124,104,4.13,128.3,0.9961,VUOT_NGUONG,0.184,0.1283,0.01131,0.1642,0,AN_TOAN,True,False
3570,126.5,104.7,4.174,127.9,0.9961,VUOT_NGUONG,0.097,0.1268,0.01135,0.156,0,AN_TOAN,True,False
3580,124,105.5,4.217,127.4,0.9961,VUOT_NGUONG,0.2425,0.1282,0.01143,0.1658,0,AN_TOAN,True,False
3590,126.5,106.3,4.261,127.8,0.9961,VUOT_NGUONG,0.1765,0.1289,0.01149,0.1874,0,AN_TOAN,True,False
3600,121.6,107,4.303,126.8,0.9961,VUOT_NGUONG,0.0625,0.1296,0.01151,0.1705,0,AN_TOAN,True,False
3610,126.5,107.7,4.347,126.5,0.9961,VUOT_NGUONG,0,0.1285,0.01151,0.133,0,AN_TOAN,True,False
3620,119.1,108.4,4.388,125.7,0.9961,VUOT_NGUONG,0.2855,0.1282,0.01161,0.1468,0,AN_TOAN,True,False
3630,121.5,109,4.431,125,0.9961,VUOT_NGUONG,0,0.1272,0.01161,0.1352,0,AN_TOAN,True,False
3640,116.7,109.6,4.471,124,0.9961,VUOT_NGUONG,0.0825,0.1275,0.01164,0.1183,0,AN_TOAN,True,False
3650,119.1,110.2,4.512,123,0.9961,VUOT_NGUONG,0.2245,0.1281,0.01172,0.1251,0,AN_TOAN,True,False
3660,121.5,110.8,4.555,122.9,0.9961,VUOT_NGUONG,0.2795,0.129,0.01182,0.15,0,AN_TOAN,True,False
3670,116.7,111.4,4.595,121.6,0.9961,VUOT_NGUONG,0,0.1284,0.01182,0.1474,0,AN_TOAN,True,False
3680,119.1,112.1,4.637,121.4,0.9961,VUOT_NGUONG,0,0.1262,0.01182,0.1111,0,AN_TOAN,True,False
3690,119.1,112.6,4.678,121,0.9961,VUOT_NGUONG,0.065,0.1257,0.01184,0.1163,0,AN_TOAN,True,False
3700,114.7,113.1,4.718,120.6,0.9961,VUOT_NGUONG,0,0.1252,0.01184,0.1066,0,AN_TOAN,True,False
3710,114.5,113.6,4.757,119.8,0.9961,VUOT_NGUONG,0.2435,0.1279,0.01192,0.1101,0,AN_TOAN,True,False
3720,116.7,114.1,4.798,119.2,0.9961,VUOT_NGUONG,0,0.1256,0.01192,0.07808,0,AN_TOAN,True,False
3730,112.2,114.6,4.837,118.5,0.9961,VUOT_NGUONG,0.0895,0.1266,0.01196,0.08538,0,AN_TOAN,True,False
3740,116.7,115.1,4.877,118.1,0.9961,VUOT_NGUONG,0.1545,0.1253,0.01201,0.1017,0,AN_TOAN,True,False
3750,114.5,115.5,4.917,117.4,0.9961,VUOT_NGUONG,0.065,0.126,0.01203,0.101,0,AN_TOAN,True,False
3760,114.5,115.9,4.957,117.2,0.9961,VUOT_NGUONG,0.1235,0.1274,0.01207,0.1161,0,AN_TOAN,True,False
3770,112.2,116.3,4.996,116.7,0.9961,VUOT_NGUONG,0.583,0.1317,0.01228,0.1577,0,AN_TOAN,True,False
3780,112.2,116.7,5.035,116,0.9961,VUOT_NGUONG,0.141,0.1311,0.01233,0.174,0,AN_TOAN,True,False
3790,112.2,117.1,5.074,115.8,0.9961,VUOT_NGUONG,0,0.1302,0.01233,0.1641,0,AN_TOAN,True,False
3800,114.5,117.5,5.114,115.5,0.9961,VUOT_NGUONG,0.139,0.13,0.01237,0.1625,0,AN_TOAN,True,False
3810,114.5,117.8,5.153,115.3,0.9961,VUOT_NGUONG,0.2155,0.1324,0.01245,0.1796,0,AN_TOAN,True,False
3820,110,118.1,5.192,114.6,0.9961,VUOT_NGUONG,0.114,0.1329,0.01249,0.1781,0,AN_TOAN,True,False
3830,110,118.4,5.23,114.2,0.9961,VUOT_NGUONG,0.065,0.1336,0.01251,0.1213,0,AN_TOAN,True,False
3840,107.8,118.6,5.267,113.5,0.9961,VUOT_NGUONG,0.105,0.1335,0.01255,0.1161,0,AN_TOAN,True,False
3850,107.8,118.9,5.305,112.8,0.9961,VUOT_NGUONG,0.2545,0.1351,0.01264,0.1436,0,AN_TOAN,True,False
3860,107.8,119.1,5.342,111.9,0.9961,VUOT_NGUONG,0,0.1342,0.01264,0.1261,0,AN_TOAN,True,False
3870,110,119.3,5.38,111.2,0.9961,VUOT_NGUONG,0.0795,0.1337,0.01266,0.1108,0,AN_TOAN,True,False
3880,103.5,119.5,5.416,110.3,0.9961,VUOT_NGUONG,0.2855,0.1362,0.01276,0.1303,0,AN_TOAN,True,False
3890,107.8,119.7,5.454,109.8,0.9961,VUOT_NGUONG,0.051,0.1349,0.01278,0.1274,0,AN_TOAN,True,False
3900,103.5,119.8,5.49,109.1,0.9961,VUOT_NGUONG,0.065,0.1356,0.0128,0.123,0,AN_TOAN,True,False
3910,105.7,119.9,5.526,108.6,0.9961,VUOT_NGUONG,0.387,0.1367,0.01294,0.142,0,AN_TOAN,True,False
3920,105.7,120,5.563,108.3,0.9961,VUOT_NGUONG,0.1995,0.1389,0.01301,0.1632,0,AN_TOAN,True,False
3930,103.5,120.1,5.599,107.3,0.9961,VUOT_NGUONG,0.1185,0.1358,0.01305,0.1688,0,AN_TOAN,True,False
3940,101.5,120.2,5.634,106.9,0.9961,VUOT_NGUONG,0.321,0.1383,0.01316,0.1754,0,AN_TOAN,True,False
3950,105.7,120.2,5.671,106.6,0.9961,VUOT_NGUONG,0,0.1373,0.01316,0.1673,0,AN_TOAN,True,False
3960,107.8,120.3,5.708,106.9,0.9961,VUOT_NGUONG,0.0555,0.1365,0.01318,0.1637,0,AN_TOAN,True,False
3970,107.8,120.4,5.746,107,0.9961,VUOT_NGUONG,0.1565,0.1369,0.01323,0.1399,0,AN_TOAN,True,False
3980,103.5,120.5,5.782,106.6,0.9961,VUOT_NGUONG,0.1185,0.1383,0.01327,0.1322,0,AN_TOAN,True,False
3990,107.8,120.5,5.819,107,0.9961,VUOT_NGUONG,0.277,0.1399,0.01337,0.1521,0,AN_TOAN,True,False
4000,97.55,120.4,5.853,106.3,0.9961,VUOT_NGUONG,0,0.1399,0.01337,0.1165,0,AN_TOAN,True,False
4010,101.5,120.3,5.888,105.7,0.9961,VUOT_NGUONG,0.1745,0.1418,0.01343,0.1351,0,AN_TOAN,True,False
4020,97.55,120.2,5.922,104.4,0.9961,VUOT_NGUONG,0.0705,0.1394,0.01346,0.1375,0,AN_TOAN,True,False
4030,95.6,120.1,5.955,102.8,0.9961,VUOT_NGUONG,0,0.1365,0.01346,0.1192,0,AN_TOAN,True,False
4040,101.5,119.9,5.99,102.4,0.9961,VUOT_NGUONG,0.1565,0.1382,0.01351,0.1234,0,AN_TOAN,True,False
4050,101.5,119.8,6.026,101.6,0.9961,VUOT_NGUONG,0.1915,0.1385,0.01358,0.1153,0,AN_TOAN,True,False
4060,99.5,119.6,6.06,101.7,0.9961,VUOT_NGUONG,0,0.1346,0.01358,0.1139,0,AN_TOAN,True,False
4070,99.5,119.4,6.095,101.3,0.9961,VUOT_NGUONG,0,0.1346,0.01358,0.08807,0,AN_TOAN,True,False
4080,97.55,119.2,6.129,101.1,0.9961,VUOT_NGUONG,0.0735,0.1347,0.0136,0.08766,0,AN_TOAN,True,False
4090,101.5,119,6.164,101.7,0.9961,VUOT_NGUONG,0,0.1337,0.0136,0.08766,0,AN_TOAN,True,False
4100,95.65,118.6,6.197,100.8,0.9961,VUOT_NGUONG,0.051,0.1334,0.01362,0.07496,0,AN_TOAN,True,False
4110,95.6,118.3,6.23,99.94,0.9961,VUOT_NGUONG,0,0.1304,0.01362,0.05128,0,AN_TOAN,True,False
4120,95.65,118,6.263,99.35,0.9961,VUOT_NGUONG,0.1445,0.1311,0.01367,0.06768,0,AN_TOAN,True,False
4130,99.55,117.7,6.298,99.24,0.9961,VUOT_NGUONG,0.0825,0.1299,0.0137,0.07704,0,AN_TOAN,True,False
4140,95.6,117.3,6.331,98.89,0.9961,VUOT_NGUONG,0.397,0.1318,0.01384,0.1162,0,AN_TOAN,True,False
4150,97.55,116.9,6.365,98.34,0.9961,VUOT_NGUONG,0,0.1309,0.01384,0.1134,0,AN_TOAN,True,False
4160,95.6,116.5,6.398,98.2,0.9961,VUOT_NGUONG,0.401,0.1324,0.01398,0.1567,0,AN_TOAN,True,False
4170,95.6,116.1,6.431,98.04,0.9961,VUOT_NGUONG,0.101,0.1336,0.01401,0.1682,0,AN_TOAN,True,False
4180,95.6,115.6,6.465,97.94,0.9961,VUOT_NGUONG,0.1565,0.1322,0.01406,0.1681,0,AN_TOAN,True,False
4190,93.7,115,6.497,97.14,0.9961,VUOT_NGUONG,0.086,0.1332,0.01409,0.1689,0,AN_TOAN,True,False
4200,93.7,114.6,6.53,96.82,0.9961,VUOT_NGUONG,0.1995,0.1347,0.01416,0.1484,0,AN_TOAN,True,False
4210,91.9,114.1,6.562,96.03,0.9961,VUOT_NGUONG,0.163,0.1349,0.01422,0.1641,0,AN_TOAN,True,False
4220,97.55,113.7,6.596,96.16,0.9961,VUOT_NGUONG,0.2725,0.1372,0.01432,0.1506,0,AN_TOAN,True,False
4230,91.8,113.2,6.627,95.61,0.9961,VUOT_NGUONG,0.1185,0.1377,0.01436,0.1525,0,AN_TOAN,True,False
4240,93.7,112.7,6.66,95.31,0.9961,VUOT_NGUONG,0,0.1377,0.01436,0.1316,0,AN_TOAN,True,False
4250,88.3,112.2,6.691,94.52,0.9961,VUOT_NGUONG,0.1445,0.1383,0.01441,0.1397,0,AN_TOAN,True,False
4260,90,111.7,6.722,93.91,0.9961,VUOT_NGUONG,0.1525,0.1376,0.01446,0.1355,0,AN_TOAN,True,False
4270,93.7,111.2,6.754,93.95,0.9961,VUOT_NGUONG,0,0.135,0.01446,0.1157,0,AN_TOAN,True,False
4280,90,110.8,6.786,92.96,0.9961,VUOT_NGUONG,0.1285,0.1319,0.0145,0.0998,0,AN_TOAN,True,False
4290,84.8,110.3,6.815,91.93,0.9961,VUOT_NGUONG,0.157,0.1309,0.01456,0.1027,0,AN_TOAN,True,False
4300,93.7,109.8,6.848,91.89,0.9961,VUOT_NGUONG,0.2435,0.1331,0.01464,0.1325,0,AN_TOAN,True,False
4310,91.8,109.4,6.879,92.17,0.9961,VUOT_NGUONG,0.1335,0.1333,0.01469,0.1308,0,AN_TOAN,True,False
4320,88.3,108.9,6.91,91.88,0.9961,VUOT_NGUONG,0,0.1323,0.01469,0.1131,0,AN_TOAN,True,False
4330,91.9,108.5,6.942,91.64,0.9961,VUOT_NGUONG,0.0895,0.1296,0.01472,0.124,0,AN_TOAN,True,False
